id,ch1,ch2,ch3,ch4,ch5
0,-327.63671875,-170.8984375,-26.3671875,-288.57421875,744.62890625
1,-550.29296875,-256.8359375,-91.30859375,-474.12109375,-337.40234375
2,-463.37890625,-161.1328125,2.9296875,-417.48046875,210.44921875
3,-381.34765625,-137.20703125,-40.52734375,-367.1875,-533.69140625
4,-387.6953125,-175.78125,-137.20703125,-354.98046875,129.39453125
5,-296.38671875,-139.16015625,-142.578125,-202.1484375,40.52734375
6,-242.1875,-105.95703125,-179.6875,-305.17578125,-301.26953125
7,-256.8359375,-69.82421875,-100.09765625,-272.94921875,-235.83984375
8,-326.66015625,-60.05859375,-122.0703125,-316.89453125,-236.81640625
9,-385.7421875,-16.11328125,-180.6640625,-509.765625,294.921875
10,-346.19140625,-22.4609375,-256.8359375,-496.09375,222.16796875
11,-278.3203125,-109.86328125,-298.828125,-356.93359375,-339.84375
12,-233.3984375,-134.27734375,-239.74609375,-248.046875,292.48046875
13,-255.859375,-68.359375,-166.015625,-289.0625,-431.15234375
14,-243.65234375,-85.44921875,-153.80859375,-204.1015625,171.38671875
15,-209.47265625,-131.8359375,-168.45703125,-121.58203125,-358.88671875
16,-214.35546875,-34.66796875,-195.80078125,-210.9375,-223.14453125
17,-255.859375,-12.6953125,-230.95703125,-322.265625,378.41796875
18,-324.21875,-53.7109375,-236.328125,-376.46484375,-155.2734375
19,-300.78125,-15.13671875,-201.66015625,-312.5,583.984375
20,-209.9609375,-7.8125,-224.609375,-265.13671875,-860.3515625
21,-263.18359375,-7.32421875,-166.9921875,-355.95703125,184.5703125
22,-186.03515625,-21.484375,-166.9921875,-172.8515625,-416.015625
23,-239.2578125,-68.359375,-161.1328125,-206.54296875,-217.7734375
24,-301.7578125,-78.125,-164.55078125,-231.4453125,548.33984375
25,-312.98828125,-87.40234375,-162.59765625,-337.40234375,-579.1015625
26,-308.59375,-47.36328125,-91.796875,-345.21484375,162.109375
27,-202.1484375,99.12109375,-19.53125,-281.25,-546.38671875
28,-194.3359375,72.75390625,15.13671875,-248.046875,265.625
29,-209.9609375,10.7421875,32.71484375,-147.94921875,132.8125
30,-142.578125,-17.578125,-59.08203125,-175.78125,-190.91796875
31,-107.421875,87.890625,12.6953125,-142.578125,157.71484375
32,-109.86328125,6.8359375,-138.671875,-256.34765625,-357.91015625
33,-98.14453125,27.34375,-138.671875,-251.46484375,-406.25
34,-167.96875,-12.20703125,-111.328125,-235.83984375,457.03125
35,-164.55078125,20.5078125,-157.2265625,-235.3515625,164.55078125
36,0.0,117.67578125,-45.8984375,-171.38671875,659.66796875
37,-66.40625,150.390625,-31.73828125,-213.8671875,-1092.28515625
38,-78.61328125,126.953125,-152.83203125,-239.74609375,-456.0546875
39,-97.16796875,1.953125,-142.578125,-217.7734375,454.1015625
40,-220.703125,-4.39453125,-126.953125,-361.81640625,-208.49609375
41,-332.51953125,-55.17578125,-14.6484375,-339.84375,47.36328125
42,-105.46875,68.84765625,7.8125,-207.03125,-270.5078125
43,-31.73828125,38.57421875,6.8359375,-39.55078125,261.23046875
44,-156.25,-48.33984375,-46.38671875,-187.01171875,-70.80078125
45,-108.3984375,-69.82421875,-44.43359375,-130.859375,-784.1796875
46,-252.9296875,-136.71875,-134.27734375,-251.953125,116.69921875
47,-285.64453125,-203.61328125,-97.65625,-288.57421875,222.16796875
48,-69.3359375,-107.91015625,21.484375,-154.78515625,572.265625
49,-142.08984375,-72.265625,12.6953125,-346.19140625,-701.171875
50,-249.51171875,-4.8828125,19.04296875,-442.87109375,-132.8125
51,-293.45703125,13.671875,27.83203125,-412.109375,-244.140625
52,-440.91796875,47.8515625,-8.7890625,-372.55859375,-68.359375
53,-388.671875,41.50390625,20.01953125,-228.515625,202.1484375
54,-173.828125,91.796875,112.3046875,-127.9296875,22.4609375
55,-189.94140625,54.19921875,31.73828125,-41.015625,-283.69140625
56,-222.65625,39.55078125,8.30078125,-184.5703125,-242.67578125
57,-204.1015625,49.8046875,23.4375,-184.5703125,564.453125
58,-203.61328125,75.68359375,-36.1328125,-209.9609375,-38.57421875
59,-193.359375,96.19140625,-72.265625,-248.53515625,-402.83203125
60,-162.109375,68.359375,-137.20703125,-180.17578125,203.61328125
61,-197.265625,30.76171875,-81.54296875,-189.94140625,-976.5625
62,-90.33203125,88.8671875,-15.625,-88.8671875,486.81640625
63,-97.65625,83.49609375,-7.8125,-73.2421875,-232.421875
64,-184.5703125,77.1484375,-39.55078125,-197.265625,630.37109375
65,-268.5546875,-10.25390625,-103.02734375,-205.078125,350.5859375
66,-374.51171875,-193.359375,-118.1640625,-401.85546875,-177.24609375
67,-481.4453125,-119.140625,-82.51953125,-483.88671875,33.203125
68,-533.203125,-59.08203125,-147.94921875,-556.640625,38.57421875
69,-461.42578125,-80.078125,-125.0,-543.9453125,-233.3984375
70,-356.93359375,-57.6171875,-140.625,-517.08984375,138.671875
71,-231.93359375,-4.8828125,-87.890625,-263.671875,102.05078125
72,-142.578125,-43.9453125,-145.01953125,-231.93359375,377.9296875
73,-184.5703125,-42.48046875,-80.56640625,-168.45703125,-389.6484375
74,-166.50390625,-84.9609375,-102.05078125,-113.76953125,272.94921875
75,-206.0546875,-72.75390625,-75.1953125,-190.4296875,-731.4453125
76,-192.87109375,-100.09765625,-20.5078125,-305.17578125,-788.0859375
77,-291.9921875,-177.734375,0.0,-354.98046875,331.54296875
78,-333.0078125,-111.328125,-54.19921875,-316.89453125,-475.5859375
79,-404.296875,-15.625,-3.90625,-321.2890625,-317.87109375
80,-344.7265625,-86.9140625,85.9375,-218.26171875,-640.13671875
81,-433.59375,-213.37890625,-18.5546875,-134.765625,-554.6875
82,-422.8515625,-176.7578125,-127.44140625,-178.22265625,142.08984375
83,-355.46875,-82.03125,-81.0546875,-205.56640625,-138.18359375
84,-353.515625,-27.83203125,-63.4765625,-170.41015625,1029.78515625
85,-379.39453125,61.5234375,-21.484375,-235.3515625,-347.65625
86,-362.3046875,80.56640625,-30.2734375,-277.34375,-455.56640625
87,-380.859375,72.265625,-25.390625,-324.70703125,-149.4140625
88,-369.62890625,27.34375,1.953125,-357.91015625,23.92578125
89,-281.73828125,-22.94921875,-101.5625,-333.0078125,26.3671875
90,-192.87109375,-5.37109375,-89.84375,-257.32421875,-318.359375
91,-101.07421875,-86.9140625,-180.6640625,-238.28125,-210.44921875
92,-191.40625,-146.484375,-208.49609375,-266.11328125,-252.44140625
93,-195.3125,-114.2578125,-204.1015625,-211.42578125,293.9453125
94,-188.96484375,-79.1015625,-129.8828125,-133.7890625,404.296875
95,-192.3828125,-31.73828125,-158.203125,-220.703125,5.37109375
96,-111.328125,-35.64453125,-122.55859375,-230.95703125,846.19140625
97,-229.00390625,-11.71875,-79.1015625,-348.14453125,130.37109375
98,-197.265625,2.44140625,-124.51171875,-358.88671875,-451.66015625
99,-261.23046875,35.15625,-30.2734375,-476.07421875,-263.671875
100,-191.40625,61.03515625,65.91796875,-339.84375,-236.81640625
101,-61.03515625,-110.3515625,59.08203125,-142.578125,-484.375
102,-67.3828125,-47.36328125,10.25390625,-150.390625,398.92578125
103,122.0703125,93.26171875,-9.27734375,5.37109375,-420.8984375
104,120.60546875,219.7265625,80.56640625,5.859375,-652.83203125
105,-58.10546875,166.9921875,92.7734375,-161.1328125,-94.23828125
106,-145.01953125,60.05859375,0.48828125,-245.1171875,596.6796875
107,-208.984375,-9.27734375,-3.41796875,-314.453125,238.76953125
108,-411.1328125,-14.16015625,-88.37890625,-471.19140625,19.04296875
109,-398.4375,-44.43359375,-72.265625,-415.52734375,-293.45703125
110,-176.7578125,-3.41796875,-87.890625,-248.046875,149.4140625
111,-59.5703125,13.671875,-140.13671875,-94.23828125,-655.76171875
112,-58.59375,-5.37109375,-113.76953125,-199.21875,39.0625
113,-18.5546875,16.6015625,-110.3515625,-191.40625,598.6328125
114,-156.25,-8.7890625,-147.94921875,-250.0,-7.32421875
115,-214.35546875,-42.48046875,-79.58984375,-310.546875,47.8515625
116,-363.76953125,-90.33203125,-113.28125,-419.921875,-527.83203125
117,-361.328125,-188.4765625,-80.56640625,-405.76171875,-19.04296875
118,-219.7265625,-192.3828125,-72.265625,-308.59375,476.5625
119,-246.58203125,-155.76171875,-99.609375,-318.359375,-254.8828125
120,-203.61328125,-147.4609375,-149.4140625,-269.53125,-212.40234375
121,-231.93359375,-74.70703125,-119.62890625,-292.96875,-965.33203125
122,-115.234375,-33.69140625,-104.00390625,-214.84375,1.46484375
123,-91.30859375,1.953125,-88.8671875,-201.66015625,95.21484375
124,-91.796875,-8.30078125,-93.75,-172.36328125,41.50390625
125,-30.2734375,54.19921875,-10.25390625,-108.88671875,832.03125
126,-53.22265625,-55.17578125,-89.84375,-127.44140625,-255.859375
127,-12.20703125,-19.53125,-76.66015625,-220.21484375,46.38671875
128,-283.203125,-61.5234375,-56.15234375,-381.34765625,107.421875
129,-479.4921875,3.90625,-125.9765625,-610.3515625,-419.921875
130,-332.51953125,40.52734375,-114.74609375,-537.109375,-122.0703125
131,-291.015625,69.82421875,-111.328125,-369.62890625,-711.9140625
132,-150.390625,-28.3203125,-200.68359375,-224.609375,-454.58984375
133,-42.48046875,-95.21484375,-167.96875,-127.9296875,63.96484375
134,-51.26953125,-66.40625,-119.62890625,-193.359375,-617.67578125
135,29.78515625,-48.828125,-57.6171875,-124.51171875,204.1015625
136,25.390625,-72.265625,25.87890625,-185.05859375,-470.703125
137,-140.625,-80.078125,8.30078125,-322.75390625,957.03125
138,-348.14453125,-24.90234375,-30.76171875,-495.1171875,-253.90625
139,-371.09375,-93.26171875,-62.98828125,-475.09765625,-124.0234375
140,-143.5546875,-138.671875,-54.6875,-350.5859375,-499.51171875
141,-104.98046875,-163.0859375,-54.19921875,-235.83984375,291.9921875
142,-88.8671875,-114.2578125,-44.43359375,-259.765625,252.9296875
143,-103.02734375,-54.19921875,-17.08984375,-309.08203125,172.8515625
144,-186.03515625,-129.39453125,-70.3125,-278.80859375,182.12890625
145,-234.86328125,-143.06640625,-106.93359375,-334.47265625,-327.1484375
146,-298.33984375,-144.04296875,-184.08203125,-406.25,-611.328125
147,-226.5625,-165.52734375,-170.41015625,-345.703125,91.30859375
148,-306.640625,-164.55078125,-105.46875,-397.4609375,83.0078125
149,-204.1015625,-84.47265625,4.8828125,-435.546875,597.65625
150,-256.34765625,-219.7265625,-43.9453125,-460.9375,-468.26171875
151,-161.62109375,-90.8203125,-102.5390625,-474.12109375,345.21484375
152,-131.34765625,-111.328125,-37.109375,-270.99609375,-567.87109375
153,-235.3515625,-53.7109375,-104.4921875,-341.796875,58.10546875
154,-249.0234375,-58.10546875,-93.26171875,-331.0546875,309.5703125
155,-231.93359375,-78.61328125,-87.890625,-380.37109375,-286.62109375
156,-236.328125,-133.7890625,-96.6796875,-282.2265625,514.16015625
157,-242.1875,-207.03125,-122.0703125,-304.6875,-1112.3046875
158,-270.01953125,-171.38671875,-137.20703125,-300.29296875,263.671875
159,-149.4140625,-104.98046875,-95.703125,-240.234375,-447.265625
160,-90.8203125,7.32421875,4.39453125,-156.25,311.03515625
161,-119.140625,-87.890625,-90.8203125,-201.171875,703.125
162,-146.484375,-105.46875,-68.84765625,-187.98828125,-138.671875
163,-209.47265625,-123.046875,-17.08984375,-295.41015625,455.078125
164,-258.30078125,-103.02734375,-23.92578125,-338.37890625,-1063.4765625
165,-268.5546875,-97.65625,-60.05859375,-424.8046875,-208.984375
166,-71.77734375,-37.59765625,-144.04296875,-376.953125,361.81640625
167,-64.453125,-175.29296875,-254.8828125,-429.6875,100.09765625
168,31.73828125,-89.84375,-220.703125,-364.74609375,341.30859375
169,88.37890625,-27.34375,-140.13671875,-284.1796875,-726.07421875
170,94.7265625,-5.37109375,-144.04296875,-324.70703125,3.90625
171,51.7578125,-113.28125,-160.64453125,-228.02734375,95.703125
172,55.6640625,-85.44921875,-178.22265625,-286.1328125,-183.10546875
173,-0.9765625,37.59765625,-204.58984375,-148.92578125,4.8828125
174,23.4375,-25.390625,-207.03125,-228.02734375,209.47265625
175,-80.56640625,-12.6953125,-155.2734375,-334.47265625,288.0859375
176,-123.53515625,-40.0390625,-164.0625,-407.71484375,-1028.80859375
177,-154.296875,-138.18359375,-263.18359375,-464.84375,-37.59765625
178,-187.01171875,-138.18359375,-246.58203125,-481.4453125,-235.83984375
179,-134.765625,-24.4140625,-220.703125,-422.36328125,-155.2734375
180,-135.7421875,-62.01171875,-238.76953125,-373.046875,419.43359375
181,-98.14453125,3.90625,-199.21875,-326.171875,-70.3125
182,-80.56640625,-110.3515625,-144.04296875,-307.6171875,149.4140625
183,-117.67578125,-116.69921875,-205.56640625,-229.98046875,87.890625
184,1.46484375,-117.67578125,-96.19140625,-190.4296875,-378.41796875
185,-18.06640625,-73.2421875,-89.84375,-176.26953125,433.59375
186,-20.5078125,-7.32421875,-96.6796875,-260.25390625,-205.56640625
187,-46.875,-27.83203125,-54.19921875,-217.28515625,450.1953125
188,2.9296875,-29.296875,-123.046875,-231.93359375,-979.00390625
189,22.94921875,-45.8984375,-118.65234375,-153.3203125,258.30078125
190,78.125,0.48828125,-82.03125,-161.1328125,-43.9453125
191,-74.21875,-86.42578125,-226.07421875,-267.08984375,132.8125
192,-67.87109375,-115.234375,-204.1015625,-277.83203125,335.44921875
193,-87.40234375,-28.3203125,-172.36328125,-316.89453125,341.796875
194,-167.48046875,-151.85546875,-246.58203125,-427.24609375,-689.94140625
195,-148.4375,-166.9921875,-88.8671875,-328.61328125,-204.58984375
196,-58.10546875,-129.8828125,-69.3359375,-270.5078125,133.7890625
197,-0.9765625,2.9296875,-51.7578125,-151.85546875,38.0859375
198,44.43359375,69.3359375,-25.87890625,-73.73046875,-18.5546875
199,56.640625,84.47265625,-23.92578125,-182.6171875,291.50390625
200,-55.6640625,-24.4140625,6.34765625,-199.21875,-806.15234375
201,-178.7109375,-114.2578125,-66.40625,-341.30859375,106.93359375
202,-157.2265625,-45.41015625,-24.90234375,-313.4765625,282.71484375
203,-148.4375,-85.44921875,-91.30859375,-320.80078125,119.62890625
204,-108.88671875,-113.28125,-153.80859375,-175.29296875,-21.484375
205,-31.25,-145.99609375,-154.296875,-131.8359375,-770.01953125
206,42.96875,-63.96484375,-60.546875,-90.8203125,402.83203125
207,-76.171875,-88.37890625,-148.4375,-226.07421875,-54.19921875
208,-44.43359375,-71.77734375,-160.15625,-161.62109375,-125.9765625
209,-110.3515625,-178.7109375,-205.56640625,-200.68359375,316.89453125
210,-202.63671875,-111.81640625,-141.6015625,-347.65625,-3.90625
211,-314.94140625,-90.33203125,-226.07421875,-587.40234375,84.9609375
212,-303.22265625,-65.91796875,-156.73828125,-510.25390625,-370.60546875
213,-234.86328125,-177.734375,-115.72265625,-442.3828125,-910.64453125
214,-77.63671875,-153.80859375,-114.2578125,-187.5,398.4375
215,-13.18359375,-196.2890625,-150.390625,-218.75,196.2890625
216,-43.9453125,-203.61328125,-166.50390625,-221.19140625,471.19140625
217,-101.5625,-199.70703125,-223.6328125,-232.421875,-545.41015625
218,-133.30078125,-158.69140625,-206.54296875,-284.66796875,-579.58984375
219,-166.50390625,-109.375,-152.83203125,-311.5234375,-354.4921875
220,-325.1953125,-11.71875,-160.15625,-466.30859375,-418.45703125
221,-355.46875,90.8203125,-228.515625,-599.609375,1099.609375
222,-360.83984375,104.4921875,-324.21875,-594.23828125,-0.48828125
223,-187.98828125,132.8125,-305.6640625,-494.140625,366.69921875
224,27.83203125,193.84765625,-285.15625,-343.26171875,-560.05859375
225,47.8515625,-123.046875,-276.85546875,-300.78125,-73.2421875
226,92.28515625,-187.5,-251.953125,-199.70703125,-33.69140625
227,124.51171875,-189.453125,-142.08984375,-139.16015625,-509.27734375
228,42.48046875,-238.76953125,-123.046875,-145.5078125,-283.69140625
229,-30.2734375,-122.0703125,-142.08984375,-204.1015625,236.81640625
230,-255.37109375,-257.8125,-127.9296875,-386.71875,-192.3828125
231,-233.3984375,-162.109375,-74.21875,-457.51953125,456.54296875
232,-244.62890625,-139.6484375,-27.83203125,-374.0234375,-110.83984375
233,-172.36328125,-135.7421875,-74.21875,-289.0625,235.3515625
234,-26.3671875,-125.9765625,-113.76953125,-199.70703125,-857.421875
235,26.3671875,-28.3203125,31.73828125,-85.44921875,208.49609375
236,-9.765625,15.13671875,55.17578125,-164.55078125,-103.515625
237,25.87890625,103.02734375,-20.5078125,-138.671875,205.56640625
238,-2.44140625,70.80078125,-23.92578125,-102.05078125,263.18359375
239,-101.5625,-44.43359375,-102.05078125,-266.6015625,263.671875
240,-203.61328125,106.4453125,-129.8828125,-307.6171875,412.59765625
241,-259.765625,63.96484375,-20.01953125,-395.99609375,-565.91796875
242,-263.18359375,-133.7890625,52.24609375,-354.00390625,-153.3203125
243,-195.3125,-122.0703125,41.9921875,-137.6953125,-166.015625
244,-97.65625,-11.71875,-24.90234375,-71.2890625,57.6171875
245,-125.0,-118.1640625,-91.796875,-96.6796875,567.87109375
246,0.0,-155.2734375,-139.6484375,-167.96875,183.10546875
247,-160.15625,-74.70703125,-95.21484375,-257.32421875,-183.10546875
248,-168.45703125,-205.078125,-134.765625,-343.75,-346.19140625
249,-267.578125,-283.69140625,-108.88671875,-479.98046875,-451.66015625
250,-361.81640625,-301.26953125,-177.24609375,-594.23828125,673.828125
251,-231.93359375,-204.1015625,-194.3359375,-552.734375,-615.234375
252,-50.29296875,-219.7265625,-164.0625,-255.37109375,261.23046875
253,13.18359375,-114.2578125,-79.58984375,-166.9921875,-1212.40234375
254,-16.11328125,-90.33203125,-100.5859375,-133.30078125,13.671875
255,-33.203125,-16.6015625,-53.7109375,-46.875,-449.21875
256,-113.28125,-20.01953125,-137.6953125,-204.58984375,-446.77734375
257,-254.39453125,-164.55078125,-168.9453125,-324.70703125,476.5625
258,-392.08984375,-169.921875,-130.37109375,-478.515625,-236.328125
259,-395.99609375,-93.75,-116.2109375,-513.671875,353.02734375
260,-312.98828125,-55.6640625,-155.76171875,-464.35546875,-408.69140625
261,-221.6796875,-18.06640625,-201.66015625,-428.7109375,-262.20703125
262,-179.6875,7.32421875,-217.7734375,-316.40625,352.5390625
263,-204.58984375,-37.109375,-135.7421875,-337.890625,-280.76171875
264,-136.71875,-89.35546875,-161.62109375,-281.25,508.7890625
265,-226.07421875,-182.12890625,-159.66796875,-329.1015625,108.88671875
266,-207.03125,-144.04296875,-176.26953125,-340.8203125,-667.96875
267,-74.21875,-20.99609375,-144.53125,-167.48046875,-423.828125
268,-107.421875,-33.69140625,-153.3203125,-166.9921875,-307.12890625
269,-112.3046875,5.859375,-107.91015625,-243.1640625,780.76171875
270,-108.3984375,55.17578125,-43.9453125,-262.6953125,-20.5078125
271,-205.078125,33.69140625,6.8359375,-233.3984375,89.84375
272,-163.0859375,-28.3203125,-6.34765625,-140.13671875,-410.64453125
273,-92.28515625,17.578125,15.625,-132.32421875,-189.453125
274,-181.640625,52.24609375,21.97265625,-71.2890625,104.00390625
275,-14.6484375,88.8671875,-87.890625,-23.4375,-441.89453125
276,-26.85546875,58.10546875,-128.90625,-52.24609375,166.9921875
277,-62.98828125,117.67578125,-123.046875,-210.9375,-108.88671875
278,-166.9921875,31.73828125,-165.52734375,-344.23828125,-942.87109375
279,-146.484375,-78.61328125,-109.86328125,-297.36328125,310.546875
280,-238.76953125,-104.98046875,-195.80078125,-321.77734375,166.9921875
281,-206.0546875,-46.38671875,-225.09765625,-300.78125,479.00390625
282,-74.21875,-20.5078125,-72.265625,-96.6796875,15.625
283,-44.921875,-6.34765625,-39.55078125,-38.57421875,347.16796875
284,-100.09765625,-54.6875,-178.7109375,-160.15625,-599.609375
285,-211.9140625,-87.40234375,-149.90234375,-268.5546875,191.89453125
286,-345.21484375,23.92578125,-29.78515625,-376.46484375,211.42578125
287,-458.0078125,27.83203125,-103.02734375,-521.484375,-444.3359375
288,-483.3984375,-94.7265625,-145.01953125,-514.16015625,445.80078125
289,-378.90625,-71.2890625,-81.54296875,-384.27734375,-423.828125
290,-275.390625,-36.1328125,-63.96484375,-277.34375,4.39453125
291,-67.87109375,-62.98828125,-1.46484375,-74.21875,-128.41796875
292,-28.80859375,-28.80859375,9.765625,-102.05078125,77.1484375
293,-48.33984375,-49.8046875,-167.96875,-88.8671875,619.62890625
294,-62.01171875,-38.57421875,-87.40234375,-132.32421875,-742.1875
295,-43.45703125,-21.97265625,-87.40234375,-111.81640625,-208.49609375
296,-44.43359375,-1.953125,-188.96484375,-83.49609375,-261.23046875
297,-51.7578125,38.0859375,-180.6640625,-85.44921875,-70.80078125
298,-173.828125,-43.9453125,-80.56640625,-207.03125,358.88671875
299,-210.44921875,-55.17578125,-179.19921875,-283.69140625,-192.87109375
300,-287.109375,-38.57421875,-90.33203125,-397.4609375,349.12109375
301,-289.55078125,-23.92578125,-87.890625,-521.484375,-1069.82421875
302,-151.85546875,-68.84765625,-88.37890625,-293.9453125,93.26171875
303,-143.06640625,-103.515625,-44.43359375,-192.87109375,-353.515625
304,-164.0625,-108.88671875,-119.140625,-212.40234375,0.48828125
305,-83.984375,-117.67578125,-136.71875,-138.18359375,498.046875
306,-31.73828125,-115.234375,-145.01953125,-34.66796875,-56.640625
307,-20.99609375,-16.6015625,-73.2421875,-102.5390625,-350.09765625
308,-92.28515625,-18.5546875,3.41796875,-82.03125,261.23046875
309,-139.6484375,-30.76171875,-11.23046875,-84.47265625,-264.16015625
310,-118.1640625,-15.13671875,51.26953125,-40.52734375,-38.57421875
311,-172.8515625,-91.796875,-33.203125,-184.5703125,-93.75
312,-302.24609375,-67.87109375,-22.94921875,-330.56640625,440.91796875
313,-427.24609375,-87.40234375,-35.64453125,-628.90625,-548.828125
314,-387.6953125,-61.03515625,-131.34765625,-557.12890625,310.546875
315,-195.3125,-126.953125,-39.55078125,-313.96484375,-222.16796875
316,-50.78125,-36.1328125,54.19921875,-54.19921875,-227.5390625
317,-45.41015625,-9.765625,-87.40234375,-49.31640625,522.94921875
318,-34.66796875,-18.06640625,-187.98828125,-79.1015625,-109.375
319,-42.48046875,-35.64453125,-129.39453125,-113.76953125,202.1484375
320,-104.00390625,10.25390625,-152.83203125,-94.23828125,-694.82421875
321,-87.40234375,-1.953125,-135.25390625,-147.94921875,-395.01953125
322,-224.609375,-130.37109375,-114.74609375,-206.0546875,555.6640625
323,-318.359375,-85.44921875,-85.44921875,-435.05859375,-111.81640625
324,-391.11328125,-95.703125,-56.15234375,-527.34375,719.7265625
325,-293.9453125,-130.37109375,-131.34765625,-398.92578125,-800.29296875
326,-95.21484375,-119.62890625,-114.74609375,-190.91796875,-753.41796875
327,-136.71875,-98.6328125,-137.6953125,-189.94140625,282.71484375
328,10.7421875,-62.5,-187.01171875,-140.13671875,-212.40234375
329,26.3671875,-183.10546875,-166.9921875,-65.91796875,-97.16796875
330,-119.62890625,-205.078125,-49.31640625,-176.7578125,-478.515625
331,-39.55078125,-204.1015625,-64.94140625,-227.5390625,-52.24609375
332,-114.74609375,-303.22265625,-173.828125,-283.203125,146.484375
333,-159.1796875,-270.99609375,-174.31640625,-301.7578125,-45.41015625
334,-307.6171875,-206.0546875,-109.375,-402.34375,20.5078125
335,-313.4765625,-131.34765625,-97.65625,-399.90234375,-318.359375
336,-249.51171875,-140.13671875,-74.21875,-374.0234375,359.86328125
337,-87.40234375,-64.94140625,-94.23828125,-264.16015625,-191.89453125
338,40.52734375,-58.10546875,-26.3671875,-95.21484375,-224.609375
339,-99.12109375,-126.46484375,-148.4375,-158.203125,-126.46484375
340,-135.7421875,-75.1953125,-153.80859375,-242.67578125,149.4140625
341,-131.8359375,-41.015625,-6.34765625,-299.8046875,496.09375
342,-322.75390625,-61.03515625,-47.8515625,-371.58203125,292.48046875
343,-418.45703125,-141.6015625,-52.24609375,-423.828125,70.3125
344,-308.59375,-106.93359375,-62.5,-467.7734375,-456.54296875
345,-270.99609375,-23.92578125,-63.96484375,-313.96484375,-337.40234375
346,-266.11328125,-29.296875,-34.66796875,-212.890625,289.55078125
347,-257.8125,-120.1171875,-107.421875,-329.1015625,-59.08203125
348,-213.37890625,-91.796875,-82.51953125,-270.01953125,-30.2734375
349,-139.16015625,-20.01953125,-118.65234375,-351.07421875,-675.78125
350,-211.9140625,-103.515625,-164.0625,-406.73828125,98.6328125
351,-181.15234375,-144.53125,-239.2578125,-356.4453125,-894.53125
352,-210.44921875,-60.546875,-212.890625,-306.15234375,52.24609375
353,-123.046875,3.41796875,-127.9296875,-178.7109375,756.34765625
354,-207.03125,-20.01953125,-203.125,-247.55859375,25.87890625
355,-216.30859375,-22.94921875,-134.765625,-273.92578125,246.58203125
356,-164.0625,21.484375,-111.81640625,-250.9765625,-834.9609375
357,-161.1328125,11.23046875,-170.41015625,-194.3359375,-423.828125
358,-206.0546875,-115.72265625,-116.69921875,-223.14453125,215.8203125
359,-186.03515625,-112.79296875,-85.44921875,-267.578125,-96.6796875
360,-154.78515625,-75.68359375,-122.0703125,-288.57421875,646.97265625
361,-13.671875,-62.98828125,-98.6328125,-194.3359375,-598.6328125
362,32.71484375,-59.08203125,-78.61328125,-118.1640625,53.22265625
363,-48.33984375,-84.9609375,-146.97265625,-148.4375,-109.375
364,-136.71875,-98.6328125,-208.0078125,-265.625,107.421875
365,-137.20703125,-74.21875,-120.1171875,-232.421875,380.859375
366,-165.0390625,42.96875,-80.078125,-281.73828125,-694.3359375
367,-208.984375,93.26171875,-137.6953125,-373.046875,34.1796875
368,-207.03125,27.34375,-142.08984375,-413.57421875,-994.140625
369,-104.4921875,29.78515625,-178.7109375,-368.65234375,-342.7734375
370,-70.80078125,39.55078125,-123.53515625,-207.51953125,809.08203125
371,-84.47265625,22.4609375,-150.390625,-163.57421875,-90.33203125
372,-98.6328125,143.5546875,-132.32421875,-207.03125,26.3671875
373,-195.3125,125.48828125,-167.96875,-303.7109375,41.50390625
374,-156.25,91.796875,-108.3984375,-227.05078125,-513.671875
375,-145.5078125,116.2109375,-135.25390625,-198.73046875,470.21484375
376,-192.3828125,14.6484375,-134.765625,-226.5625,-409.1796875
377,-314.94140625,-28.3203125,-68.84765625,-335.9375,406.25
378,-218.75,-95.21484375,-67.87109375,-264.6484375,-234.86328125
379,-117.1875,-48.828125,12.20703125,-103.02734375,54.6875
380,-82.51953125,-75.1953125,-20.01953125,-186.03515625,-106.93359375
381,-130.859375,-114.2578125,-61.03515625,-213.8671875,-881.8359375
382,-142.08984375,-78.61328125,-109.375,-255.37109375,-76.66015625
383,-91.30859375,-91.796875,-174.8046875,-165.0390625,316.89453125
384,-60.05859375,-118.1640625,-167.96875,-177.24609375,27.83203125
385,-213.37890625,-115.72265625,-182.6171875,-300.29296875,24.4140625
386,-231.4453125,-129.8828125,-168.45703125,-299.31640625,-253.41796875
387,-261.71875,-114.2578125,-105.95703125,-329.58984375,-143.5546875
388,-322.265625,-165.0390625,-107.421875,-369.62890625,402.83203125
389,-208.984375,-82.51953125,-39.55078125,-229.00390625,379.39453125
390,-149.90234375,-82.03125,-37.109375,-132.32421875,-199.21875
391,-99.12109375,-78.125,-102.05078125,-100.5859375,-72.75390625
392,-161.62109375,-72.265625,-155.76171875,-209.9609375,-184.08203125
393,-245.1171875,-134.765625,-152.83203125,-153.3203125,200.1953125
394,-171.875,-105.46875,-154.78515625,-229.00390625,-198.73046875
395,-172.36328125,-21.484375,-166.9921875,-281.25,-107.421875
396,-208.0078125,40.0390625,-145.99609375,-338.8671875,275.390625
397,-299.31640625,28.3203125,-114.2578125,-413.57421875,-824.70703125
398,-325.1953125,-59.5703125,-265.625,-373.53515625,59.5703125
399,-297.36328125,-16.11328125,-192.87109375,-286.1328125,-391.6015625
400,-155.2734375,-48.33984375,-143.5546875,-161.62109375,142.08984375
401,-86.42578125,-35.15625,-117.67578125,-150.390625,166.015625
402,-126.46484375,-28.80859375,-41.015625,-101.07421875,-406.73828125
403,-115.234375,26.3671875,-84.9609375,-101.5625,-8.30078125
404,-205.56640625,-43.9453125,-161.1328125,-261.71875,-244.62890625
405,-158.203125,-1.953125,-206.54296875,-228.02734375,-190.4296875
406,-294.43359375,-51.7578125,-164.0625,-396.97265625,85.44921875
407,-229.00390625,-11.71875,-139.16015625,-384.27734375,-16.11328125
408,-168.45703125,-20.01953125,-102.05078125,-291.015625,817.3828125
409,-232.421875,-24.90234375,-107.421875,-298.828125,-536.1328125
410,-178.22265625,-30.76171875,-196.2890625,-349.609375,-165.52734375
411,-167.48046875,1.953125,-125.9765625,-245.60546875,-344.7265625
412,-179.6875,-58.59375,-67.87109375,-170.41015625,1.953125
413,-196.2890625,-60.05859375,-16.11328125,-166.9921875,378.90625
414,-191.89453125,24.4140625,44.921875,-123.53515625,509.765625
415,-166.50390625,-131.34765625,11.71875,-144.04296875,742.1875
416,-192.3828125,-131.8359375,-36.1328125,-262.20703125,-945.3125
417,-171.875,-93.75,-17.08984375,-118.1640625,-650.390625
418,-174.31640625,-36.1328125,-18.06640625,-158.203125,170.8984375
419,-186.5234375,34.66796875,30.2734375,-177.734375,-629.39453125
420,-139.16015625,43.45703125,57.12890625,-194.3359375,592.28515625
421,-250.48828125,57.12890625,-20.01953125,-276.85546875,93.26171875
422,-277.34375,8.7890625,1.46484375,-340.8203125,-507.8125
423,-187.98828125,-54.6875,-19.04296875,-262.6953125,522.94921875
424,-174.31640625,-42.48046875,15.625,-268.5546875,-108.3984375
425,-194.82421875,9.765625,-70.80078125,-213.8671875,92.7734375
426,-162.109375,-11.23046875,-76.171875,-169.921875,-594.23828125
427,-116.69921875,-80.078125,-110.83984375,-195.80078125,-384.765625
428,-136.23046875,-62.5,-102.5390625,-191.40625,603.515625
429,-159.66796875,-74.70703125,-89.35546875,-200.1953125,-331.0546875
430,-197.75390625,-65.91796875,19.04296875,-177.24609375,403.80859375
431,-238.28125,-35.64453125,-116.69921875,-267.578125,310.546875
432,-253.90625,-82.51953125,-124.51171875,-327.1484375,-103.02734375
433,-225.09765625,-54.19921875,-90.33203125,-212.890625,-583.984375
434,-194.3359375,-20.01953125,-14.16015625,-210.9375,-411.1328125
435,-172.36328125,-43.9453125,-19.04296875,-159.66796875,196.77734375
436,-110.3515625,6.34765625,-84.47265625,-118.1640625,-270.5078125
437,-106.4453125,-42.48046875,-209.9609375,-162.109375,395.5078125
438,-20.99609375,-54.19921875,-191.89453125,-141.11328125,128.90625
439,-72.265625,-100.5859375,-153.80859375,-167.48046875,-16.11328125
440,-98.6328125,-86.9140625,-57.12890625,-136.71875,-24.90234375
441,-126.953125,-54.19921875,-81.54296875,-78.125,74.70703125
442,-169.43359375,7.32421875,-87.40234375,-116.69921875,274.4140625
443,-280.2734375,22.4609375,-78.125,-255.859375,-95.21484375
444,-267.578125,31.25,-196.2890625,-431.15234375,215.8203125
445,-151.3671875,76.171875,-162.59765625,-339.35546875,-885.25390625
446,-83.0078125,35.15625,-93.26171875,-224.12109375,106.93359375
447,-29.296875,52.24609375,-83.49609375,-188.96484375,-374.51171875
448,-146.484375,-27.34375,-107.91015625,-219.7265625,-405.2734375
449,-146.97265625,43.9453125,-162.109375,-187.5,-96.19140625
450,-113.76953125,29.78515625,-154.78515625,-180.6640625,366.69921875
451,-106.93359375,58.10546875,-143.06640625,-231.93359375,101.07421875
452,-184.08203125,15.13671875,-156.73828125,-320.80078125,-398.4375
453,-337.890625,-33.69140625,-134.765625,-398.92578125,-314.94140625
454,-321.77734375,-81.0546875,-124.51171875,-353.02734375,628.41796875
455,-270.01953125,-82.51953125,-105.46875,-411.1328125,88.37890625
456,-227.5390625,-73.73046875,-118.65234375,-372.55859375,399.90234375
457,-276.3671875,118.1640625,-129.39453125,-316.40625,-829.1015625
458,-225.09765625,172.8515625,-57.12890625,-174.31640625,25.87890625
459,-271.484375,150.87890625,-57.6171875,-229.4921875,-277.34375
460,-270.01953125,-21.97265625,-61.5234375,-222.16796875,-70.3125
461,-148.92578125,-0.48828125,-11.71875,-134.27734375,37.109375
462,-136.71875,-67.87109375,-26.85546875,-135.25390625,247.55859375
463,-114.2578125,-264.16015625,-138.671875,-242.1875,-666.9921875
464,-110.3515625,-341.796875,-113.28125,-206.54296875,-192.87109375
465,-98.6328125,-189.453125,-73.2421875,-176.26953125,-149.4140625
466,-114.2578125,-63.96484375,-54.6875,-178.7109375,637.6953125
467,-113.28125,-28.3203125,-93.75,-156.73828125,-671.875
468,-143.5546875,18.5546875,-55.17578125,-223.6328125,-89.35546875
469,-107.421875,47.8515625,-50.29296875,-170.41015625,-330.56640625
470,-213.37890625,-169.43359375,-142.08984375,-228.02734375,-316.89453125
471,-223.6328125,-144.53125,-115.234375,-246.09375,327.63671875
472,-234.375,-154.78515625,-109.375,-317.3828125,72.75390625
473,-223.6328125,-48.33984375,-132.32421875,-340.33203125,701.66015625
474,-253.90625,20.01953125,-187.98828125,-293.45703125,-562.01171875
475,-247.55859375,-122.0703125,-253.41796875,-423.828125,115.234375
476,-155.2734375,-123.046875,-172.36328125,-294.921875,-581.54296875
477,-215.33203125,-158.69140625,-148.92578125,-285.64453125,-81.54296875
478,-176.26953125,-134.765625,-159.1796875,-277.83203125,717.28515625
479,-222.65625,-206.54296875,-231.93359375,-232.421875,415.0390625
480,-214.84375,-84.47265625,-179.19921875,-282.2265625,100.5859375
481,-150.390625,-22.4609375,-102.05078125,-314.453125,143.06640625
482,-119.140625,-19.04296875,-36.62109375,-294.43359375,-311.5234375
483,-71.2890625,116.69921875,-70.3125,-221.6796875,-428.22265625
484,-190.91796875,60.546875,-135.7421875,-315.91796875,-286.1328125
485,-238.76953125,-5.859375,-179.6875,-303.7109375,151.85546875
486,-204.1015625,-100.5859375,-173.33984375,-265.625,-305.6640625
487,-255.859375,-136.71875,-154.78515625,-295.8984375,-519.04296875
488,-247.55859375,30.2734375,-187.01171875,-313.96484375,-284.66796875
489,-205.56640625,88.37890625,-152.34375,-184.5703125,156.73828125
490,-166.015625,38.0859375,-138.18359375,-192.87109375,-309.08203125
491,-118.65234375,-22.94921875,-171.875,-231.93359375,105.46875
492,-145.99609375,-75.68359375,-127.44140625,-264.16015625,528.3203125
493,-84.47265625,-29.78515625,-146.97265625,-187.98828125,-420.41015625
494,-126.46484375,-45.8984375,-41.50390625,-73.73046875,228.515625
495,-243.65234375,-79.1015625,-60.546875,-181.15234375,-253.90625
496,-238.28125,-46.875,-71.2890625,-211.42578125,-69.3359375
497,-251.953125,-65.91796875,-27.34375,-204.1015625,132.32421875
498,-222.65625,-98.14453125,-131.8359375,-240.72265625,-479.00390625
499,-188.4765625,-39.0625,-103.02734375,-142.08984375,29.78515625
500,-219.7265625,23.4375,-102.5390625,-260.7421875,-657.2265625
501,-230.95703125,-29.296875,-133.7890625,-262.20703125,154.296875
502,-139.6484375,72.75390625,-115.234375,-234.86328125,-14.6484375
503,-232.421875,11.71875,-85.9375,-323.2421875,-449.70703125
504,-333.0078125,28.80859375,-117.1875,-375.48828125,804.19921875
505,-236.328125,4.8828125,-203.125,-306.15234375,-299.31640625
506,-214.35546875,32.71484375,-210.44921875,-355.95703125,-153.80859375
507,-219.7265625,4.8828125,-132.8125,-250.9765625,319.82421875
508,-161.62109375,-75.1953125,-101.5625,-121.58203125,124.0234375
509,-103.515625,-93.75,-53.7109375,-138.671875,558.59375
510,-111.328125,-20.99609375,-103.02734375,-243.1640625,-594.23828125
511,-203.61328125,-41.9921875,-173.828125,-294.921875,651.3671875
512,-168.45703125,13.671875,-133.30078125,-287.109375,298.33984375
513,-267.578125,-18.06640625,-10.25390625,-290.52734375,-620.1171875
514,-239.74609375,-14.6484375,2.44140625,-234.86328125,-9.765625
515,-243.65234375,-28.80859375,-99.12109375,-334.47265625,-334.9609375
516,-161.62109375,-1.953125,-122.55859375,-251.46484375,-171.38671875
517,-155.2734375,-4.8828125,-116.2109375,-278.3203125,23.4375
518,-268.5546875,-35.15625,-243.65234375,-378.41796875,-261.71875
519,-299.8046875,-85.9375,-243.1640625,-386.71875,-149.4140625
520,-216.30859375,-81.0546875,-217.7734375,-300.78125,486.81640625
521,-194.3359375,-84.47265625,-237.3046875,-316.89453125,419.921875
522,-201.66015625,-70.80078125,-236.328125,-334.9609375,-497.0703125
523,-138.671875,-1.46484375,-159.1796875,-208.49609375,-367.1875
524,-167.48046875,-52.24609375,-112.79296875,-222.16796875,-38.57421875
525,-190.91796875,-56.640625,-42.48046875,-249.0234375,-360.83984375
526,-231.4453125,-62.5,-83.984375,-312.01171875,289.0625
527,-235.3515625,-50.78125,48.828125,-245.60546875,8.30078125
528,-173.828125,-81.0546875,39.0625,-119.140625,233.88671875
529,-240.72265625,-163.0859375,-14.16015625,-171.875,-295.8984375
530,-338.37890625,-164.0625,34.66796875,-270.5078125,-306.15234375
531,-227.5390625,-137.6953125,47.8515625,-125.48828125,-125.0
532,-171.875,-134.27734375,8.30078125,-153.3203125,103.515625
533,-219.23828125,-89.35546875,-10.25390625,-87.40234375,536.62109375
534,-156.25,-94.23828125,-48.33984375,-121.58203125,-67.87109375
535,-126.953125,-92.28515625,-39.55078125,-211.9140625,-451.171875
536,-213.37890625,-143.06640625,-11.23046875,-208.984375,-429.19921875
537,-158.69140625,-241.2109375,42.96875,-120.1171875,247.55859375
538,-257.32421875,-221.6796875,-19.53125,-208.0078125,-113.76953125
539,-246.09375,-175.29296875,-69.3359375,-182.12890625,85.9375
540,-138.18359375,-151.3671875,17.08984375,-82.03125,447.265625
541,-230.95703125,-183.10546875,-98.14453125,-262.6953125,-603.515625
542,-213.37890625,-139.16015625,-103.02734375,-234.375,45.8984375
543,-180.6640625,-147.4609375,-81.0546875,-215.33203125,-425.78125
544,-117.67578125,-102.05078125,-13.671875,-152.83203125,-231.93359375
545,-101.5625,2.44140625,-87.890625,-163.57421875,46.875
546,-240.234375,-121.09375,-184.5703125,-214.84375,-56.640625
547,-154.78515625,-113.76953125,-104.98046875,-109.86328125,-102.5390625
548,-154.296875,-103.515625,-47.36328125,-150.87890625,-332.51953125
549,-105.46875,-113.28125,-84.47265625,-68.359375,382.8125
550,-194.3359375,-122.55859375,-84.47265625,-192.3828125,243.65234375
551,-189.94140625,-95.703125,-76.66015625,-287.109375,187.98828125
552,-109.86328125,-90.8203125,-135.7421875,-147.94921875,340.33203125
553,-199.70703125,-134.27734375,-186.5234375,-350.5859375,-804.19921875
554,-210.9375,-157.71484375,-158.69140625,-295.8984375,-570.80078125
555,-133.7890625,-18.06640625,-151.3671875,-204.58984375,77.1484375
556,-168.9453125,-68.359375,-130.859375,-258.7890625,279.296875
557,-215.33203125,-70.80078125,-135.25390625,-312.98828125,-20.01953125
558,-166.015625,-53.7109375,-80.56640625,-236.328125,-166.015625
559,-169.921875,-104.4921875,-64.94140625,-272.4609375,-491.2109375
560,-153.3203125,7.8125,-10.7421875,-173.828125,-506.8359375
561,-123.53515625,-12.20703125,-9.27734375,-181.15234375,-317.3828125
562,-157.2265625,-23.92578125,-11.23046875,-119.62890625,712.890625
563,-177.734375,-29.78515625,-3.41796875,-68.84765625,302.734375
564,-81.54296875,4.8828125,-91.796875,-60.546875,-413.0859375
565,-162.59765625,-57.12890625,-80.078125,-130.859375,-290.52734375
566,-94.23828125,-38.57421875,-92.7734375,-91.30859375,-485.83984375
567,-96.6796875,-61.5234375,-43.9453125,-97.16796875,-92.28515625
568,-85.44921875,-91.30859375,-100.5859375,-149.4140625,-134.27734375
569,-192.3828125,-219.23828125,-93.26171875,-208.0078125,513.18359375
570,-180.17578125,-211.42578125,-98.6328125,-243.65234375,191.89453125
571,-220.703125,-158.69140625,-122.55859375,-242.1875,-94.7265625
572,-292.48046875,-99.12109375,-180.6640625,-353.515625,-56.15234375
573,-299.8046875,-137.6953125,-177.734375,-397.94921875,-530.2734375
574,-216.30859375,-79.1015625,-195.3125,-384.765625,403.3203125
575,-116.69921875,-57.6171875,-300.29296875,-383.7890625,-194.3359375
576,-207.03125,-25.87890625,-274.90234375,-379.8828125,660.15625
577,-155.2734375,-56.640625,-191.40625,-455.078125,-289.55078125
578,-157.71484375,-41.9921875,-141.6015625,-380.37109375,-275.390625
579,-127.9296875,-34.1796875,-140.625,-327.63671875,418.9453125
580,-171.38671875,2.44140625,-86.42578125,-342.7734375,-75.68359375
581,-196.77734375,26.3671875,-114.2578125,-320.3125,474.609375
582,-250.9765625,-41.50390625,-72.265625,-308.59375,-83.984375
583,-201.171875,15.13671875,24.90234375,-345.21484375,-851.5625
584,-157.2265625,3.90625,9.765625,-202.1484375,-338.8671875
585,-185.546875,-56.15234375,47.36328125,-254.39453125,510.7421875
586,-111.81640625,-11.71875,105.46875,-160.64453125,-207.51953125
587,-147.94921875,-23.4375,26.3671875,-164.55078125,101.5625
588,-207.03125,-60.05859375,-86.42578125,-269.04296875,364.74609375
589,-187.01171875,-95.703125,-89.35546875,-218.75,-580.56640625
590,-147.94921875,-113.28125,-47.8515625,-181.15234375,-20.5078125
591,-188.4765625,-99.12109375,-131.8359375,-209.47265625,-729.4921875
592,-233.88671875,-113.28125,-145.99609375,-232.421875,23.4375
593,-134.27734375,-59.5703125,-138.18359375,-164.55078125,-60.546875
594,-160.64453125,-117.67578125,-122.55859375,-152.83203125,304.6875
595,-103.515625,-86.42578125,-187.01171875,-207.03125,-36.1328125
596,-105.95703125,-84.9609375,-143.06640625,-194.3359375,68.359375
597,-192.87109375,-53.22265625,-125.48828125,-238.76953125,80.56640625
598,-157.71484375,-25.87890625,-135.25390625,-114.74609375,-35.15625
599,-133.7890625,24.90234375,-199.70703125,-229.4921875,-447.265625
600,-186.03515625,38.0859375,-288.57421875,-329.58984375,47.8515625
601,-241.69921875,-52.24609375,-325.1953125,-399.90234375,-514.6484375
602,-259.27734375,-46.875,-280.2734375,-341.30859375,602.05078125
603,-303.7109375,-5.859375,-247.0703125,-406.25,-185.05859375
604,-267.578125,-49.8046875,-251.953125,-356.93359375,302.24609375
605,-156.25,-21.97265625,-125.9765625,-233.3984375,183.10546875
606,-218.26171875,27.83203125,-115.234375,-255.37109375,-72.265625
607,-198.2421875,-3.41796875,-196.2890625,-315.4296875,622.55859375
608,-182.6171875,-6.34765625,-135.25390625,-305.17578125,-720.21484375
609,-170.41015625,15.625,-142.08984375,-271.97265625,-511.71875
610,-111.328125,30.2734375,-145.5078125,-202.63671875,-29.78515625
611,-144.53125,7.8125,-195.3125,-269.04296875,63.96484375
612,-148.4375,-118.1640625,-137.20703125,-207.51953125,-55.6640625
613,-215.33203125,-86.42578125,-143.06640625,-182.12890625,-301.26953125
614,-290.0390625,-50.29296875,-164.55078125,-230.95703125,257.32421875
615,-302.734375,-79.58984375,-218.75,-250.0,-273.92578125
616,-174.8046875,-37.59765625,-133.7890625,-150.87890625,12.6953125
617,-129.39453125,-67.87109375,-204.58984375,-131.8359375,271.484375
618,-170.8984375,-83.984375,-213.8671875,-284.1796875,-130.859375
619,-38.0859375,6.8359375,-123.53515625,-88.8671875,-227.5390625
620,-135.25390625,-5.37109375,-174.8046875,-185.05859375,369.140625
621,-134.765625,-78.125,-180.6640625,-188.96484375,-252.9296875
622,-156.73828125,-27.34375,-144.53125,-216.796875,172.36328125
623,-216.30859375,-7.32421875,-108.88671875,-249.51171875,-472.65625
624,-271.97265625,-30.76171875,-252.44140625,-392.08984375,-111.328125
625,-271.484375,-8.30078125,-201.66015625,-353.02734375,-456.0546875
626,-177.734375,30.2734375,-168.9453125,-221.19140625,-323.2421875
627,-100.09765625,-17.578125,-250.0,-190.91796875,341.796875
628,-78.125,-51.7578125,-255.37109375,-191.89453125,-617.1875
629,-80.078125,-83.984375,-194.82421875,-212.890625,267.08984375
630,-80.56640625,-134.27734375,-189.453125,-33.69140625,140.625
631,-103.515625,-27.83203125,-209.9609375,-149.4140625,-203.125
632,-86.42578125,8.7890625,-145.99609375,-45.41015625,-869.140625
633,-135.7421875,-14.6484375,-182.12890625,-146.97265625,205.078125
634,-140.13671875,-94.23828125,-207.03125,-146.484375,-48.33984375
635,-145.5078125,-52.24609375,-145.5078125,-178.22265625,279.78515625
636,-220.21484375,0.48828125,-161.1328125,-289.55078125,467.28515625
637,-244.62890625,-57.12890625,-229.00390625,-271.97265625,68.84765625
638,-212.890625,-71.2890625,-256.34765625,-294.43359375,-609.375
639,-161.1328125,-32.2265625,-197.75390625,-218.75,-101.07421875
640,-104.4921875,-87.40234375,-192.87109375,-190.4296875,95.21484375
641,-178.7109375,-84.9609375,-222.16796875,-271.484375,202.1484375
642,-201.66015625,-80.078125,-201.66015625,-268.5546875,-161.1328125
643,-246.58203125,-119.140625,-309.08203125,-359.86328125,-181.15234375
644,-374.0234375,-130.859375,-224.12109375,-371.09375,-438.96484375
645,-314.453125,-172.36328125,-146.97265625,-236.328125,-18.5546875
646,-247.0703125,-173.33984375,-106.93359375,-161.1328125,454.58984375
647,-214.84375,-115.234375,-141.6015625,-156.73828125,-257.8125
648,-148.92578125,-78.61328125,-111.81640625,-83.49609375,633.7890625
649,-133.7890625,-121.58203125,-142.578125,-97.16796875,-654.296875
650,-167.96875,-104.98046875,-158.69140625,-81.0546875,355.46875
651,-169.43359375,-69.82421875,-176.7578125,-112.3046875,-65.4296875
652,-202.1484375,-16.6015625,-205.56640625,-139.6484375,-155.2734375
653,-314.453125,-39.0625,-135.7421875,-221.6796875,117.1875
654,-218.26171875,-74.70703125,-103.515625,-185.546875,116.69921875
655,-216.796875,-72.265625,-112.3046875,-152.34375,265.13671875
656,-198.2421875,-77.1484375,-73.73046875,-261.71875,-886.23046875
657,-193.359375,-113.76953125,-52.734375,-143.5546875,-102.5390625
658,-240.234375,-220.21484375,-110.83984375,-166.50390625,98.14453125
659,-255.859375,-159.66796875,-89.35546875,-170.8984375,-179.6875
660,-289.0625,-118.1640625,-104.98046875,-164.55078125,601.5625
661,-228.02734375,-92.7734375,-122.55859375,-172.36328125,-196.2890625
662,-185.546875,-49.8046875,-191.89453125,-112.79296875,-230.46875
663,-243.65234375,-34.66796875,-161.62109375,-231.93359375,4.8828125
664,-388.18359375,-36.1328125,-103.515625,-386.71875,-166.015625
665,-476.07421875,24.4140625,-125.9765625,-609.375,25.87890625
666,-343.75,12.6953125,-190.91796875,-404.78515625,-168.9453125
667,-272.4609375,-80.078125,-166.50390625,-330.56640625,12.20703125
668,-160.15625,-103.02734375,-183.10546875,-224.12109375,273.92578125
669,-61.5234375,-65.4296875,-126.46484375,-50.29296875,-344.7265625
670,-97.65625,-27.34375,-136.23046875,-45.41015625,160.64453125
671,-166.015625,-75.68359375,-4.8828125,-143.5546875,409.1796875
672,-197.75390625,-82.03125,-40.0390625,-116.2109375,327.1484375
673,-218.75,-119.140625,-133.30078125,-129.8828125,-600.5859375
674,-251.953125,-148.4375,-197.75390625,-230.95703125,-516.6015625
675,-257.8125,-90.33203125,-178.22265625,-232.421875,-309.5703125
676,-209.9609375,-141.11328125,-120.1171875,-188.4765625,372.55859375
677,-208.984375,-48.33984375,-89.84375,-224.12109375,-77.63671875
678,-249.0234375,-90.8203125,-88.37890625,-248.046875,298.828125
679,-331.54296875,-128.90625,-113.76953125,-421.875,-675.78125
680,-299.8046875,-166.015625,-144.04296875,-365.72265625,-243.1640625
681,-259.27734375,-191.40625,-246.58203125,-275.390625,127.44140625
682,-122.0703125,-106.93359375,-185.546875,-285.15625,306.640625
683,-178.22265625,-168.45703125,-149.4140625,-234.375,-555.6640625
684,-151.3671875,-129.8828125,-157.71484375,-185.05859375,684.5703125
685,-189.453125,-114.2578125,-129.39453125,-125.9765625,-286.1328125
686,-167.48046875,-127.9296875,-86.9140625,-53.22265625,-139.16015625
687,-212.890625,-145.5078125,-89.84375,-214.35546875,-113.76953125
688,-297.36328125,-128.41796875,-99.609375,-275.390625,385.25390625
689,-271.484375,-23.4375,-165.0390625,-323.2421875,412.59765625
690,-347.65625,-54.6875,-124.0234375,-327.1484375,-377.44140625
691,-262.6953125,-60.546875,-149.4140625,-288.57421875,446.2890625
692,-132.8125,-111.328125,-180.17578125,-116.2109375,-1315.4296875
693,-187.98828125,-104.98046875,-206.54296875,-136.71875,-310.05859375
694,-158.69140625,-13.18359375,-186.03515625,-154.78515625,0.48828125
695,-165.0390625,-21.484375,-209.9609375,-202.1484375,163.0859375
696,-136.23046875,-24.90234375,-219.7265625,-216.30859375,-4.39453125
697,-249.51171875,-163.0859375,-219.23828125,-317.3828125,-871.58203125
698,-291.015625,-194.3359375,-213.37890625,-343.75,-102.05078125
699,-443.359375,-120.60546875,-264.16015625,-551.7578125,-567.3828125
700,-426.26953125,-76.66015625,-214.35546875,-469.7265625,149.4140625
701,-256.8359375,-52.734375,-171.38671875,-357.421875,529.296875
702,-409.66796875,-69.82421875,-196.77734375,-440.91796875,-587.890625
703,-387.20703125,-179.19921875,-241.2109375,-409.66796875,267.578125
704,-205.078125,-95.21484375,-169.43359375,-331.0546875,-971.6796875
705,-200.1953125,-84.47265625,-187.01171875,-241.2109375,136.71875
706,-189.94140625,-63.4765625,-81.54296875,-171.38671875,399.4140625
707,-221.19140625,-111.81640625,-88.37890625,-141.11328125,392.578125
708,-102.05078125,-229.00390625,-106.4453125,-77.1484375,131.34765625
709,-118.65234375,-258.7890625,-176.26953125,-208.0078125,-474.609375
710,-126.953125,-203.125,-264.16015625,-199.21875,256.8359375
711,-141.11328125,-154.78515625,-317.3828125,-249.0234375,-117.1875
712,-222.65625,-175.78125,-296.38671875,-285.15625,-493.65234375
713,-242.1875,-144.04296875,-180.17578125,-127.9296875,315.4296875
714,-324.70703125,-187.01171875,-185.546875,-314.453125,-517.578125
715,-307.12890625,-210.44921875,-213.8671875,-303.7109375,142.08984375
716,-196.77734375,-196.77734375,-198.73046875,-292.48046875,-74.21875
717,-240.234375,-196.2890625,-212.40234375,-238.76953125,179.6875
718,-216.30859375,-198.73046875,-180.17578125,-260.25390625,-476.07421875
719,-154.296875,-193.84765625,-145.5078125,-247.55859375,-157.2265625
720,-166.50390625,-185.546875,-147.94921875,-166.9921875,239.74609375
721,-188.4765625,-181.640625,-139.6484375,-261.71875,-15.625
722,-155.2734375,-79.1015625,-100.09765625,-232.91015625,23.4375
723,-268.06640625,-137.6953125,-147.4609375,-317.3828125,102.05078125
724,-233.3984375,-140.13671875,-105.46875,-271.484375,4.39453125
725,-206.0546875,-88.37890625,-172.8515625,-244.62890625,-2.9296875
726,-209.47265625,-120.60546875,-177.734375,-234.375,-519.04296875
727,-214.84375,-68.359375,-123.046875,-190.91796875,76.66015625
728,-175.78125,-150.87890625,-80.56640625,-247.0703125,19.04296875
729,-202.1484375,-177.734375,-121.09375,-193.84765625,382.32421875
730,-108.3984375,-109.86328125,-139.6484375,-143.06640625,-109.86328125
731,-155.76171875,-134.27734375,-118.1640625,-204.58984375,-15.13671875
732,-225.5859375,-81.0546875,-101.5625,-230.95703125,635.7421875
733,-219.23828125,-188.4765625,-145.99609375,-270.01953125,-366.2109375
734,-253.90625,-173.828125,-160.15625,-272.94921875,-260.7421875
735,-353.02734375,-159.66796875,-141.11328125,-383.7890625,-69.82421875
736,-345.21484375,-181.15234375,-62.98828125,-210.9375,-131.34765625
737,-213.37890625,-153.80859375,-52.24609375,-114.2578125,393.5546875
738,-134.765625,-158.69140625,-101.07421875,-159.66796875,-248.53515625
739,-71.2890625,-148.4375,-138.671875,-152.34375,318.84765625
740,-123.046875,-150.87890625,-184.5703125,-145.01953125,-394.53125
741,-106.93359375,-133.30078125,-127.44140625,-77.63671875,-46.38671875
742,-242.67578125,-150.390625,-151.85546875,-164.55078125,-415.52734375
743,-223.14453125,-178.22265625,-145.01953125,-218.75,-155.76171875
744,-286.1328125,-188.4765625,-95.703125,-267.08984375,-214.84375
745,-328.125,-141.11328125,-119.140625,-354.98046875,-590.8203125
746,-306.640625,-190.91796875,-179.6875,-308.59375,180.17578125
747,-142.578125,-139.6484375,-140.625,-222.16796875,-466.796875
748,-156.25,-127.9296875,-180.6640625,-189.94140625,418.45703125
749,-212.890625,-100.5859375,-120.60546875,-198.2421875,995.1171875
750,-215.33203125,-99.609375,-95.703125,-123.53515625,-254.39453125
751,-145.99609375,-71.77734375,-112.3046875,-41.9921875,-20.01953125
752,-255.37109375,-83.0078125,-36.62109375,-145.99609375,-1084.9609375
753,-230.95703125,-26.3671875,-109.86328125,-195.80078125,251.953125
754,-336.9140625,-18.06640625,-128.90625,-322.75390625,336.42578125
755,-312.98828125,-69.82421875,-138.671875,-330.56640625,-130.37109375
756,-330.078125,-13.671875,-106.93359375,-339.84375,368.65234375
757,-365.234375,-77.63671875,-84.47265625,-384.27734375,-1333.984375
758,-310.05859375,-93.26171875,-148.92578125,-316.89453125,91.796875
759,-200.68359375,-53.22265625,-183.59375,-210.44921875,363.28125
760,-71.2890625,8.30078125,-174.8046875,-111.81640625,-127.9296875
761,-285.64453125,-73.2421875,-120.60546875,-231.93359375,736.328125
762,-192.3828125,-84.47265625,-80.56640625,-254.8828125,-436.03515625
763,-118.1640625,14.6484375,-63.4765625,-164.55078125,276.3671875
764,-131.8359375,67.87109375,-99.609375,-132.32421875,-463.8671875
765,-100.09765625,-7.32421875,-131.8359375,-84.9609375,98.6328125
766,-205.56640625,-143.5546875,-162.109375,-151.85546875,-224.12109375
767,-119.140625,-107.421875,-109.375,-36.62109375,-466.796875
768,-82.03125,-172.36328125,-100.09765625,-1.46484375,-253.90625
769,-122.55859375,-236.328125,-151.3671875,-105.95703125,895.5078125
770,-122.55859375,-182.6171875,-88.37890625,-115.234375,-307.6171875
771,-181.15234375,-257.32421875,-83.984375,-133.7890625,479.4921875
772,-265.625,-240.72265625,-40.0390625,-234.375,-201.171875
773,-198.73046875,-195.80078125,-92.28515625,-132.8125,-245.1171875
774,-223.14453125,-196.2890625,-179.19921875,-185.546875,-19.04296875
775,-177.734375,-102.5390625,-99.12109375,-103.02734375,182.12890625
776,-198.2421875,-81.0546875,-48.828125,-125.48828125,-103.515625
777,-135.7421875,-55.6640625,-65.4296875,-142.578125,229.98046875
778,-137.20703125,-17.578125,-68.359375,-66.89453125,126.46484375
779,-131.34765625,-54.6875,-97.65625,-164.0625,-739.74609375
780,-143.06640625,-44.43359375,-97.16796875,-178.22265625,117.67578125
781,-242.1875,-105.95703125,-56.15234375,-187.5,-249.0234375
782,-452.63671875,-66.89453125,-117.67578125,-446.2890625,-830.56640625
783,-465.33203125,-41.015625,-137.20703125,-560.546875,-418.45703125
784,-457.03125,-26.3671875,-195.80078125,-665.0390625,106.93359375
785,-533.203125,-178.22265625,-257.8125,-677.24609375,593.26171875
786,-416.9921875,-161.62109375,-286.62109375,-625.0,269.04296875
787,-267.578125,-111.328125,-304.19921875,-511.23046875,61.03515625
788,-190.4296875,-65.4296875,-362.3046875,-504.8828125,-630.37109375
789,-106.4453125,0.9765625,-326.171875,-337.890625,118.1640625
790,-10.25390625,61.5234375,-268.06640625,-172.36328125,539.0625
791,-24.4140625,43.9453125,-252.9296875,-78.61328125,47.8515625
792,-95.703125,38.57421875,-219.23828125,-133.7890625,-190.91796875
793,-259.765625,-85.44921875,-103.02734375,-263.671875,-279.78515625
794,-183.59375,-175.29296875,-89.84375,-102.05078125,276.3671875
795,-199.21875,-147.94921875,-51.26953125,-227.05078125,-416.50390625
796,-460.9375,-189.453125,-95.21484375,-378.90625,-313.96484375
797,-365.72265625,-151.85546875,-4.8828125,-316.40625,208.49609375
798,-256.34765625,-215.33203125,64.94140625,-314.453125,-300.29296875
799,-366.2109375,-214.84375,20.99609375,-312.01171875,307.6171875
800,-358.88671875,-354.4921875,29.296875,-328.61328125,-781.73828125
801,-351.07421875,-300.78125,-5.859375,-262.6953125,425.78125
802,-308.10546875,-233.88671875,23.4375,-202.63671875,-22.94921875
803,-340.33203125,-273.92578125,78.125,-165.52734375,-472.16796875
804,-331.54296875,-230.46875,-11.23046875,-211.9140625,519.04296875
805,-376.953125,-155.76171875,-11.71875,-304.6875,-1017.08984375
806,-227.5390625,-63.96484375,-17.08984375,-166.015625,-48.33984375
807,-313.96484375,-119.62890625,2.9296875,-199.21875,79.58984375
808,-250.0,-82.51953125,-61.5234375,-161.1328125,315.91796875
809,-260.25390625,-127.9296875,-140.625,-183.10546875,331.0546875
810,-241.2109375,-97.65625,-70.80078125,-200.68359375,-400.87890625
811,-160.64453125,-199.70703125,-102.05078125,-117.67578125,173.33984375
812,-250.0,-189.94140625,-111.81640625,-271.484375,-533.203125
813,-264.6484375,-65.4296875,-175.78125,-282.2265625,183.10546875
814,-287.109375,-103.515625,-269.04296875,-272.94921875,107.91015625
815,-118.1640625,62.01171875,-222.65625,-250.9765625,-508.30078125
816,-242.67578125,10.25390625,-284.66796875,-183.59375,677.734375
817,-273.92578125,-33.203125,-333.49609375,-293.45703125,187.98828125
818,-225.5859375,-3.90625,-217.28515625,-293.45703125,-813.96484375
819,-208.984375,-48.828125,-132.8125,-204.1015625,-155.2734375
820,-209.47265625,-89.84375,-55.17578125,-179.19921875,449.21875
821,-240.234375,-150.87890625,-151.85546875,-206.54296875,57.6171875
822,-154.296875,-104.4921875,-181.640625,-225.09765625,353.02734375
823,-193.359375,-89.35546875,-113.76953125,-188.96484375,-533.203125
824,-220.21484375,-115.72265625,-145.01953125,-235.3515625,-351.5625
825,-266.6015625,-42.48046875,-51.7578125,-269.53125,6.8359375
826,-280.2734375,-122.55859375,-35.15625,-279.296875,64.453125
827,-207.51953125,-162.59765625,58.10546875,-210.9375,-263.671875
828,-175.78125,-169.43359375,83.49609375,-153.3203125,385.25390625
829,-154.78515625,-195.80078125,79.58984375,-158.203125,-382.32421875
830,-141.11328125,-187.01171875,69.82421875,-76.66015625,-537.59765625
831,-143.06640625,-150.87890625,-11.23046875,-93.26171875,-210.9375
832,-197.75390625,-178.7109375,-85.9375,-178.22265625,209.9609375
833,-207.03125,-196.77734375,-110.3515625,-136.23046875,-220.703125
834,-146.484375,-136.23046875,-84.9609375,-170.41015625,-279.296875
835,-219.7265625,-174.8046875,-116.2109375,-212.890625,340.8203125
836,-218.75,-39.55078125,-73.2421875,-213.8671875,-972.16796875
837,-319.82421875,-72.265625,-151.3671875,-392.08984375,404.296875
838,-369.62890625,-94.7265625,-208.49609375,-415.52734375,110.83984375
839,-304.19921875,-87.890625,-173.33984375,-335.44921875,261.23046875
840,-275.87890625,-106.4453125,-173.33984375,-339.84375,353.515625
841,-237.3046875,-85.44921875,-86.42578125,-212.40234375,-688.4765625
842,-90.33203125,-115.72265625,-89.35546875,-73.2421875,6.34765625
843,-142.08984375,-121.58203125,-79.58984375,-142.08984375,-552.24609375
844,-156.73828125,-116.2109375,-51.7578125,-164.55078125,-428.22265625
845,-200.1953125,-143.06640625,-66.40625,-201.171875,1056.15234375
846,-257.32421875,-178.22265625,-96.6796875,-193.359375,-187.01171875
847,-254.8828125,-152.83203125,-84.9609375,-218.75,-425.78125
848,-301.7578125,-100.09765625,-82.03125,-294.921875,-403.3203125
849,-290.52734375,-62.5,-76.66015625,-271.97265625,3.41796875
850,-309.08203125,-38.57421875,-85.9375,-226.07421875,-9.765625
851,-349.609375,-88.8671875,-36.1328125,-319.82421875,-117.1875
852,-404.296875,-28.3203125,-107.91015625,-367.1875,685.05859375
853,-376.46484375,6.8359375,-83.49609375,-388.18359375,-298.828125
854,-341.796875,33.203125,-132.8125,-371.09375,-500.0
855,-303.22265625,-110.3515625,-207.51953125,-348.14453125,-200.68359375
856,-155.76171875,-75.68359375,-215.8203125,-215.8203125,-506.34765625
857,-107.421875,-114.2578125,-157.71484375,-76.66015625,426.7578125
858,-124.0234375,-112.79296875,-101.07421875,-18.5546875,-269.04296875
859,-46.875,-50.29296875,-50.29296875,20.01953125,420.41015625
860,-23.4375,-40.0390625,-24.4140625,-41.50390625,-1182.6171875
861,-77.63671875,-63.96484375,-17.578125,-26.3671875,-48.828125
862,-112.3046875,-20.5078125,-52.24609375,-71.77734375,-103.515625
863,-204.58984375,-77.1484375,-141.11328125,-175.78125,-58.10546875
864,-274.90234375,-154.78515625,-174.31640625,-188.4765625,553.22265625
865,-306.640625,-175.78125,-178.7109375,-425.29296875,450.68359375
866,-460.9375,-166.50390625,-223.6328125,-537.59765625,-478.515625
867,-477.5390625,-52.24609375,-224.609375,-601.5625,543.9453125
868,-409.66796875,16.11328125,-196.2890625,-500.0,-157.2265625
869,-232.421875,70.80078125,-176.7578125,-351.07421875,86.9140625
870,-151.85546875,-45.8984375,-123.046875,-226.07421875,-679.6875
871,-155.2734375,-88.8671875,-66.40625,-153.80859375,202.63671875
872,-211.42578125,-158.69140625,-121.58203125,-170.41015625,-472.65625
873,-110.3515625,-151.3671875,-169.43359375,-105.46875,-124.0234375
874,-108.88671875,-129.39453125,-121.58203125,-113.28125,-109.86328125
875,-165.0390625,-125.0,-189.453125,-183.10546875,204.1015625
876,-233.3984375,-275.390625,-233.3984375,-199.70703125,378.90625
877,-329.58984375,-323.2421875,-73.2421875,-266.11328125,-508.30078125
878,-297.8515625,-348.14453125,-61.03515625,-236.81640625,124.51171875
879,-252.9296875,-336.42578125,-83.0078125,-212.890625,-681.640625
880,-254.39453125,-319.3359375,-97.65625,-194.3359375,-95.21484375
881,-284.66796875,-294.921875,-96.19140625,-139.6484375,987.79296875
882,-138.18359375,-169.43359375,-42.96875,-64.453125,-433.59375
883,-41.015625,-244.62890625,-77.1484375,9.765625,-415.0390625
884,-104.98046875,-352.5390625,-108.88671875,-75.68359375,-108.3984375
885,-83.984375,-224.12109375,-121.09375,-90.33203125,-372.0703125
886,57.12890625,-120.60546875,-58.59375,-11.71875,-70.80078125
887,-193.84765625,-286.62109375,-153.3203125,-185.05859375,33.203125
888,-238.76953125,-315.4296875,-152.34375,-231.4453125,710.9375
889,-231.4453125,-267.578125,-154.296875,-269.04296875,-626.46484375
890,-258.30078125,-270.99609375,-100.5859375,-232.91015625,8.30078125
891,-194.82421875,-263.18359375,-98.6328125,-232.91015625,-129.8828125
892,-147.4609375,-285.15625,-122.0703125,-130.859375,-44.921875
893,-34.1796875,-291.50390625,-104.4921875,-79.58984375,590.8203125
894,-263.18359375,-45.41015625,-76.171875,-35.64453125,-279.296875
895,-107.421875,-96.6796875,-100.5859375,-95.21484375,364.2578125
896,-115.72265625,-258.30078125,-110.3515625,-161.1328125,-991.69921875
897,-131.34765625,-315.91796875,-57.6171875,-193.84765625,-463.8671875
898,-109.375,-340.33203125,-72.265625,-112.79296875,123.53515625
899,-135.25390625,-302.734375,-79.58984375,-148.92578125,-108.3984375
900,-176.7578125,-320.80078125,-22.94921875,-151.85546875,819.82421875
901,-281.25,-243.1640625,-83.49609375,-282.71484375,-763.671875
902,-184.08203125,-307.6171875,-65.4296875,-234.375,391.11328125
903,-217.28515625,-263.671875,-120.1171875,-136.71875,18.06640625
904,-263.671875,-293.9453125,-173.828125,-207.03125,-138.18359375
905,-239.2578125,-279.78515625,-165.52734375,-188.96484375,454.58984375
906,-127.44140625,-246.09375,-53.7109375,-165.52734375,13.18359375
907,-109.375,-112.3046875,-109.86328125,-105.46875,237.79296875
908,-117.67578125,-89.35546875,-68.84765625,-180.6640625,-1610.3515625
909,-146.97265625,-103.515625,-89.35546875,-186.03515625,-450.68359375
910,-218.26171875,-148.92578125,-86.9140625,-245.1171875,418.45703125
911,-365.234375,-364.2578125,-157.71484375,-439.453125,-121.09375
912,-297.36328125,-358.88671875,-140.13671875,-404.296875,675.29296875
913,-202.1484375,-354.00390625,-85.9375,-365.234375,-167.96875
914,-224.609375,-288.0859375,-130.859375,-260.7421875,-805.17578125
915,-159.1796875,-325.68359375,-158.69140625,-151.85546875,149.90234375
916,-82.03125,-311.5234375,-130.37109375,-149.4140625,131.8359375
917,-138.671875,-301.26953125,-80.078125,-135.7421875,354.4921875
918,-127.9296875,-94.7265625,-154.296875,-168.9453125,-574.21875
919,-115.72265625,-262.6953125,-83.984375,-216.30859375,-232.91015625
920,-181.640625,-376.46484375,-75.68359375,-178.7109375,-372.55859375
921,-216.796875,-313.96484375,-146.484375,-262.20703125,-354.00390625
922,-312.01171875,-358.3984375,-140.625,-314.94140625,155.76171875
923,-397.94921875,-330.078125,-111.328125,-354.4921875,-180.17578125
924,-333.0078125,-296.38671875,-100.09765625,-368.1640625,106.93359375
925,-345.21484375,-322.75390625,-83.49609375,-343.26171875,-409.1796875
926,-257.8125,-192.87109375,-45.41015625,-244.62890625,313.4765625
927,-132.8125,-209.9609375,-34.1796875,-267.08984375,-34.66796875
928,-282.71484375,-340.33203125,-58.59375,-346.19140625,38.57421875
929,-244.62890625,-340.33203125,-50.29296875,-205.56640625,445.3125
930,-369.140625,-283.203125,-40.52734375,-288.57421875,-191.89453125
931,-306.15234375,-240.72265625,-18.5546875,-236.328125,-158.69140625
932,-338.8671875,-296.38671875,-120.60546875,-275.87890625,-683.10546875
933,-329.58984375,-282.71484375,-179.19921875,-246.58203125,-43.9453125
934,-219.23828125,-297.36328125,-185.05859375,-195.80078125,-177.734375
935,-240.72265625,-38.0859375,-182.6171875,-213.8671875,-135.7421875
936,-303.7109375,-11.23046875,-282.2265625,-337.40234375,485.3515625
937,-373.53515625,-249.51171875,-268.5546875,-453.125,-1278.80859375
938,-238.28125,-270.5078125,-220.21484375,-313.96484375,56.640625
939,-284.66796875,-345.21484375,-215.8203125,-307.12890625,-606.93359375
940,-278.80859375,-277.83203125,-181.15234375,-222.16796875,-291.015625
941,-296.875,-256.34765625,-228.515625,-311.5234375,920.41015625
942,-225.09765625,-334.9609375,-164.55078125,-303.22265625,188.4765625
943,-189.94140625,-369.62890625,-132.32421875,-200.68359375,484.86328125
944,-276.3671875,-353.02734375,-159.1796875,-242.67578125,-674.8046875
945,-232.91015625,-316.40625,-159.66796875,-263.18359375,-574.21875
946,-267.08984375,-383.30078125,-109.375,-260.7421875,222.16796875
947,-235.3515625,-330.078125,-129.8828125,-257.32421875,51.7578125
948,-242.67578125,-267.578125,-110.3515625,-253.41796875,667.96875
949,-325.1953125,-272.94921875,-100.09765625,-341.30859375,-990.234375
950,-384.27734375,-295.41015625,-189.453125,-238.76953125,-28.80859375
951,-332.03125,-250.0,-113.76953125,-169.43359375,399.90234375
952,-234.375,-145.01953125,-135.25390625,-165.52734375,-117.67578125
953,-240.234375,-118.1640625,-7.8125,-138.18359375,396.484375
954,-174.8046875,-303.22265625,28.3203125,-157.71484375,-331.54296875
955,-161.1328125,-278.80859375,-24.90234375,-190.91796875,886.23046875
956,-160.64453125,-241.2109375,20.5078125,-198.73046875,-942.87109375
957,-193.84765625,-330.56640625,-5.859375,-124.51171875,41.9921875
958,-234.86328125,-354.00390625,15.13671875,-28.80859375,174.31640625
959,-193.359375,-341.30859375,6.8359375,1.46484375,-666.50390625
960,-262.20703125,-281.73828125,-51.7578125,-48.33984375,474.12109375
961,-263.671875,-189.94140625,15.625,-85.9375,-274.4140625
962,-271.97265625,-252.9296875,19.53125,-118.65234375,-707.51953125
963,-236.328125,-260.7421875,-50.78125,-150.87890625,-16.11328125
964,-176.26953125,-289.0625,-71.2890625,-157.71484375,338.37890625
965,-214.35546875,-274.90234375,-118.65234375,-62.98828125,-117.67578125
966,-210.44921875,-55.6640625,-123.046875,-170.41015625,-534.1796875
967,-171.875,-65.91796875,-111.81640625,-190.4296875,-333.984375
968,-246.58203125,-233.88671875,-215.8203125,-354.98046875,-223.14453125
969,-254.8828125,-236.328125,-318.84765625,-496.58203125,-404.78515625
970,-271.484375,-106.4453125,-357.91015625,-533.69140625,78.125
971,-280.2734375,-292.96875,-393.5546875,-561.03515625,688.96484375
972,-202.1484375,-270.01953125,-430.6640625,-507.32421875,403.80859375
973,-131.8359375,-271.484375,-383.30078125,-417.48046875,-633.30078125
974,-147.4609375,5.859375,-386.71875,-367.1875,-643.5546875
975,-64.453125,-43.9453125,-319.82421875,-243.65234375,-143.5546875
976,-126.953125,-158.69140625,-346.6796875,-314.94140625,25.390625
977,-97.65625,-28.80859375,-324.70703125,-204.58984375,440.91796875
978,-267.08984375,-244.62890625,-278.3203125,-317.3828125,43.45703125
979,-203.125,-70.3125,-136.71875,-169.921875,-466.30859375
980,-124.51171875,-188.96484375,-170.8984375,-208.984375,-212.890625
981,-221.19140625,-322.265625,-111.328125,-243.1640625,8.30078125
982,-187.01171875,-289.0625,-61.5234375,-139.6484375,-489.2578125
983,-321.77734375,-210.44921875,-16.6015625,-184.08203125,316.89453125
984,-266.6015625,-208.49609375,18.06640625,-140.13671875,519.04296875
985,-275.87890625,-263.18359375,41.50390625,-157.2265625,-475.09765625
986,-253.90625,-226.5625,21.484375,-175.29296875,182.12890625
987,-309.08203125,-243.65234375,-50.29296875,-205.56640625,-158.69140625
988,-340.8203125,-223.6328125,-48.33984375,-212.40234375,-633.30078125
989,-360.3515625,-214.84375,-45.8984375,-226.07421875,358.88671875
990,-336.42578125,-268.06640625,-80.078125,-239.2578125,-879.8828125
991,-220.703125,-306.15234375,-64.94140625,-183.59375,1243.1640625
992,-382.8125,-266.11328125,25.390625,-268.5546875,-749.0234375
993,-235.3515625,-239.74609375,-51.26953125,-259.765625,124.0234375
994,-199.70703125,-295.41015625,-115.234375,-148.4375,-198.73046875
995,-188.4765625,-296.875,-62.5,-181.640625,14.16015625
996,-140.13671875,-320.80078125,-113.76953125,-176.7578125,437.98828125
997,-264.16015625,-271.97265625,-128.90625,-212.890625,-316.89453125
998,-314.94140625,-246.09375,-124.0234375,-150.87890625,-743.1640625
999,-321.2890625,-219.7265625,-116.69921875,-224.609375,-246.09375
1000,-196.2890625,-251.953125,-90.33203125,-188.4765625,-420.41015625
1001,-267.578125,-302.734375,-97.16796875,-224.609375,740.72265625
1002,-237.79296875,-304.19921875,-45.8984375,-187.5,-250.48828125
1003,-246.09375,-290.0390625,-64.453125,-143.5546875,787.59765625
1004,-253.41796875,-224.12109375,-66.89453125,-173.828125,-745.1171875
1005,-210.44921875,-148.4375,-87.40234375,-156.25,-18.06640625
1006,-274.4140625,-154.78515625,-57.12890625,-158.203125,486.81640625
1007,-265.625,-169.921875,-58.59375,-202.63671875,-444.3359375
1008,-264.6484375,-330.56640625,-117.67578125,-228.02734375,684.5703125
1009,-299.31640625,-319.3359375,-166.50390625,-323.73046875,-214.84375
1010,-280.76171875,-288.0859375,-121.58203125,-220.21484375,-144.04296875
1011,-224.609375,-258.7890625,-95.703125,-115.234375,369.62890625
1012,-250.48828125,-295.8984375,-67.3828125,-170.8984375,-53.7109375
1013,-277.34375,-325.1953125,-60.546875,-189.453125,477.05078125
1014,-236.81640625,-294.921875,-94.7265625,-170.8984375,-571.77734375
1015,-209.47265625,-100.09765625,-172.8515625,-249.51171875,-181.640625
1016,-208.0078125,-161.62109375,-147.4609375,-195.3125,-265.13671875
1017,-156.25,-153.80859375,-125.0,-79.1015625,-479.98046875
1018,-184.08203125,-130.37109375,-109.375,-20.01953125,-100.09765625
1019,-249.51171875,-145.01953125,-133.7890625,-100.09765625,-471.6796875
1020,-213.8671875,-250.48828125,-102.5390625,-90.8203125,17.08984375
1021,-94.7265625,-281.73828125,-140.625,-133.30078125,53.7109375
1022,-192.3828125,-327.1484375,-149.4140625,-118.65234375,73.73046875
1023,-200.68359375,-247.55859375,-108.88671875,-187.98828125,122.0703125
1024,-251.953125,-140.13671875,-135.25390625,-139.16015625,-279.78515625
1025,-181.640625,-281.73828125,-173.33984375,-131.8359375,253.41796875
1026,-136.23046875,-308.59375,-88.37890625,-79.58984375,-95.703125
1027,-137.6953125,-304.6875,-123.046875,-120.60546875,-557.12890625
1028,-154.296875,-288.57421875,-145.99609375,-133.7890625,-67.3828125
1029,-229.4921875,-287.109375,-191.89453125,-315.91796875,175.29296875
1030,-256.8359375,-284.1796875,-275.390625,-365.234375,-37.109375
1031,-256.34765625,-265.625,-266.11328125,-341.796875,-527.34375
1032,-118.65234375,-268.06640625,-185.05859375,-240.234375,206.54296875
1033,-138.18359375,-332.03125,-195.3125,-196.77734375,-686.5234375
1034,-133.7890625,-323.73046875,-228.515625,-173.33984375,1022.4609375
1035,-81.54296875,-296.38671875,-155.2734375,-15.13671875,-833.49609375
1036,-151.85546875,-298.33984375,-131.34765625,-102.05078125,-347.16796875
1037,-290.0390625,-348.6328125,-308.10546875,-270.01953125,13.18359375
1038,-379.8828125,-278.80859375,-255.859375,-319.82421875,171.38671875
1039,-345.703125,-341.30859375,-189.453125,-305.6640625,311.5234375
1040,-294.43359375,-368.1640625,-173.33984375,-326.66015625,-708.0078125
1041,-296.875,-318.84765625,-204.58984375,-334.9609375,-97.16796875
1042,-284.66796875,-318.359375,-198.2421875,-238.28125,208.49609375
1043,-275.390625,-291.9921875,-166.015625,-312.01171875,-1007.32421875
1044,-235.3515625,-374.0234375,-141.6015625,-231.4453125,294.43359375
1045,-245.1171875,-341.30859375,-166.9921875,-220.21484375,-892.578125
1046,-215.8203125,-305.6640625,-160.15625,-104.00390625,129.8828125
1047,-206.54296875,-309.08203125,-240.72265625,-192.3828125,90.8203125
1048,-175.29296875,-271.97265625,-237.79296875,-112.79296875,299.31640625
1049,-145.01953125,-312.98828125,-184.5703125,-112.79296875,-121.09375
1050,-132.32421875,-296.875,-146.97265625,-176.7578125,-97.16796875
1051,-181.640625,-289.55078125,-175.78125,-93.26171875,835.44921875
1052,-170.41015625,-285.15625,-156.73828125,-104.4921875,-585.9375
1053,-232.91015625,-264.16015625,-176.7578125,-172.8515625,-332.51953125
1054,-177.734375,-158.203125,-174.31640625,-72.75390625,1115.234375
1055,-151.3671875,-130.859375,-164.55078125,-117.1875,-348.6328125
1056,-154.78515625,-350.5859375,-186.03515625,-155.2734375,-104.00390625
1057,-210.44921875,-320.3125,-170.41015625,-181.15234375,-446.2890625
1058,-218.26171875,-323.73046875,-149.90234375,-227.5390625,-375.0
1059,-201.66015625,-313.96484375,-75.1953125,-234.375,286.62109375
1060,-227.5390625,-305.6640625,-127.44140625,-195.3125,-303.7109375
1061,-255.37109375,-274.4140625,-95.21484375,-234.375,286.1328125
1062,-207.03125,-104.00390625,-130.37109375,-220.703125,-915.0390625
1063,-277.34375,-273.92578125,-118.65234375,-221.19140625,121.09375
1064,-195.80078125,-312.98828125,-166.50390625,-181.15234375,-140.13671875
1065,-193.84765625,-277.34375,-150.390625,-146.97265625,123.53515625
1066,-214.35546875,-279.296875,-196.2890625,-109.86328125,478.02734375
1067,-175.29296875,-331.54296875,-161.62109375,-72.75390625,-75.1953125
1068,-104.00390625,-322.75390625,-116.69921875,-22.94921875,63.96484375
1069,-120.1171875,-341.796875,-125.9765625,-83.984375,-1314.453125
1070,-90.8203125,-291.015625,-107.91015625,-95.21484375,-303.22265625
1071,-202.1484375,-295.41015625,-170.41015625,-128.90625,-129.39453125
1072,-229.4921875,-301.26953125,-159.1796875,-200.68359375,48.33984375
1073,-201.171875,-264.16015625,-122.55859375,-259.27734375,749.51171875
1074,-212.40234375,-129.8828125,-118.65234375,-316.40625,-215.33203125
1075,-234.86328125,-232.421875,-83.984375,-266.11328125,-87.890625
1076,-138.671875,-260.7421875,-48.33984375,-173.828125,-124.51171875
1077,-111.328125,-332.03125,-32.2265625,-125.48828125,-600.5859375
1078,-228.02734375,-300.29296875,-153.3203125,-101.07421875,169.921875
1079,-293.45703125,-333.49609375,-146.484375,-162.109375,-301.7578125
1080,-337.40234375,-342.28515625,-132.32421875,-324.70703125,812.01171875
1081,-269.53125,-321.77734375,-160.15625,-374.51171875,-1002.44140625
1082,-293.45703125,-365.72265625,-44.43359375,-250.0,208.984375
1083,-340.8203125,-339.35546875,-95.21484375,-283.203125,-190.91796875
1084,-284.66796875,-256.8359375,-100.09765625,-279.78515625,27.34375
1085,-346.19140625,-298.33984375,-92.28515625,-244.140625,540.52734375
1086,-251.46484375,-281.25,-125.9765625,-171.38671875,-279.296875
1087,-223.6328125,-287.59765625,-141.6015625,-202.1484375,537.59765625
1088,-274.90234375,-344.7265625,-149.90234375,-201.171875,-891.11328125
1089,-185.05859375,-367.67578125,-142.578125,-187.5,0.48828125
1090,-240.72265625,-350.09765625,-151.3671875,-242.1875,570.3125
1091,-207.03125,-291.50390625,-100.5859375,-192.87109375,-1110.83984375
1092,-167.48046875,-282.2265625,-100.09765625,-216.30859375,235.3515625
1093,-260.25390625,-296.38671875,-156.25,-343.75,-213.8671875
1094,-240.234375,-309.5703125,-157.2265625,-212.890625,-69.82421875
1095,-228.515625,-315.91796875,-155.76171875,-230.95703125,298.828125
1096,-250.9765625,-297.36328125,-188.96484375,-302.24609375,79.1015625
1097,-263.18359375,-292.48046875,-219.7265625,-312.01171875,91.30859375
1098,-319.82421875,-303.22265625,-256.34765625,-335.9375,-572.75390625
1099,-293.9453125,-292.48046875,-149.90234375,-236.81640625,789.0625
1100,-217.28515625,-328.61328125,-144.53125,-189.453125,-1025.87890625
1101,-166.9921875,-259.765625,-172.8515625,-239.2578125,-41.9921875
1102,-161.1328125,-76.66015625,-76.171875,-164.0625,417.48046875
1103,-101.5625,-344.23828125,-45.41015625,-83.0078125,15.13671875
1104,-116.2109375,-333.49609375,-39.55078125,-34.66796875,59.5703125
1105,-107.421875,-118.1640625,-92.7734375,-66.40625,-486.81640625
1106,-43.45703125,-221.6796875,50.78125,-48.33984375,98.6328125
1107,-105.46875,-169.921875,-28.3203125,-136.71875,-77.63671875
1108,-104.98046875,72.75390625,-39.55078125,-163.57421875,-381.34765625
1109,-157.71484375,35.15625,-1.953125,-156.25,545.41015625
1110,-225.09765625,-322.75390625,-38.57421875,-189.453125,-297.8515625
1111,-192.3828125,-327.63671875,-36.1328125,-168.9453125,-602.5390625
1112,-207.03125,-310.05859375,-47.8515625,-169.43359375,489.74609375
1113,-274.4140625,-277.83203125,-168.9453125,-263.671875,63.96484375
1114,-253.90625,-317.3828125,-167.96875,-241.2109375,-250.9765625
1115,-188.4765625,-347.16796875,-213.37890625,-240.72265625,46.875
1116,-220.703125,-272.4609375,-138.18359375,-187.98828125,245.60546875
1117,-245.1171875,-312.01171875,-106.93359375,-151.3671875,-1161.62109375
1118,-354.00390625,-293.45703125,-102.05078125,-127.9296875,-267.08984375
1119,-412.59765625,-247.55859375,-174.8046875,-237.3046875,679.19921875
1120,-377.44140625,-261.71875,-179.6875,-278.3203125,-185.05859375
1121,-401.85546875,-276.3671875,-161.62109375,-220.21484375,-148.4375
1122,-423.33984375,-312.5,-75.68359375,-317.87109375,736.328125
1123,-428.22265625,-229.00390625,-58.10546875,-363.76953125,-400.87890625
1124,-374.0234375,-312.01171875,-124.51171875,-264.16015625,-319.82421875
1125,-337.890625,-312.01171875,-122.0703125,-280.2734375,344.23828125
1126,-397.4609375,-330.56640625,-120.1171875,-368.1640625,-18.06640625
1127,-317.87109375,-334.47265625,-160.15625,-229.98046875,58.59375
1128,-283.203125,-287.59765625,-154.296875,-295.8984375,528.80859375
1129,-252.9296875,-267.578125,-128.41796875,-205.078125,-1076.66015625
1130,-210.44921875,-125.48828125,-133.7890625,-146.97265625,85.9375
1131,-270.5078125,-161.1328125,-159.66796875,-158.203125,-231.93359375
1132,-274.4140625,-291.015625,-153.80859375,-219.23828125,-369.62890625
1133,-284.1796875,-314.453125,-114.74609375,-167.96875,-311.03515625
1134,-281.25,-343.75,-86.9140625,-204.58984375,-271.97265625
1135,-331.54296875,-237.3046875,-94.23828125,-233.3984375,627.44140625
1136,-350.09765625,-271.97265625,-107.91015625,-289.55078125,-652.34375
1137,-318.84765625,-281.25,-74.21875,-291.50390625,-87.40234375
1138,-288.57421875,-255.37109375,-170.41015625,-212.890625,278.3203125
1139,-331.0546875,-226.5625,-151.3671875,-193.359375,-616.2109375
1140,-366.2109375,-320.3125,-156.73828125,-257.8125,41.015625
1141,-336.42578125,-294.921875,-115.72265625,-310.546875,-5.859375
1142,-272.4609375,-283.69140625,-77.63671875,-213.37890625,9.765625
1143,-292.96875,-259.27734375,-44.43359375,-201.66015625,-69.3359375
1144,-291.50390625,-134.765625,-34.66796875,-208.984375,260.7421875
1145,-273.92578125,-233.88671875,-58.10546875,-214.35546875,499.0234375
1146,-378.90625,-312.98828125,-74.21875,-242.67578125,-354.00390625
1147,-330.56640625,-332.03125,-100.09765625,-288.57421875,127.9296875
1148,-327.1484375,-309.08203125,-95.21484375,-359.86328125,-726.5625
1149,-262.20703125,-283.203125,-81.0546875,-245.60546875,-213.8671875
1150,-276.85546875,-320.3125,-146.484375,-243.65234375,590.8203125
1151,-339.35546875,-262.20703125,-103.515625,-200.1953125,103.515625
1152,-241.2109375,-319.3359375,-93.26171875,-167.48046875,-38.0859375
1153,-279.78515625,-288.57421875,-80.078125,-183.59375,-116.69921875
1154,-258.30078125,-288.0859375,-99.12109375,-261.71875,-138.18359375
1155,-289.0625,-269.04296875,-83.49609375,-191.40625,964.35546875
1156,-287.109375,-214.84375,-65.4296875,-205.078125,-354.4921875
1157,-270.5078125,-387.20703125,-54.19921875,-272.94921875,-236.81640625
1158,-193.359375,-330.078125,10.25390625,-152.34375,-753.41796875
1159,-213.37890625,-319.3359375,-20.5078125,-161.62109375,-133.7890625
1160,-179.19921875,-373.53515625,-28.80859375,-219.23828125,-177.734375
1161,-190.4296875,-379.8828125,-53.7109375,-235.83984375,-131.34765625
1162,-242.1875,-380.37109375,-97.65625,-258.30078125,448.73046875
1163,-284.66796875,-316.89453125,-23.92578125,-256.34765625,-85.44921875
1164,-302.24609375,-382.8125,-57.12890625,-264.16015625,479.98046875
1165,-221.6796875,-385.7421875,-69.3359375,-170.8984375,35.64453125
1166,-286.62109375,-369.140625,-123.53515625,-251.46484375,-189.94140625
1167,-279.78515625,-282.71484375,-171.38671875,-267.08984375,327.63671875
1168,-228.02734375,-167.96875,-138.671875,-263.671875,-300.78125
1169,-192.87109375,-302.734375,-162.59765625,-152.83203125,-16.6015625
1170,-135.7421875,-274.4140625,-140.625,-196.2890625,369.140625
1171,-211.42578125,-250.48828125,-133.30078125,-248.046875,-223.6328125
1172,-212.40234375,-267.08984375,-148.92578125,-308.10546875,-528.80859375
1173,-120.60546875,-273.4375,-91.796875,-187.98828125,-25.87890625
1174,-163.0859375,-265.625,-200.68359375,-222.16796875,-87.890625
1175,-183.59375,-194.82421875,-193.84765625,-255.859375,-116.2109375
1176,-201.66015625,-247.0703125,-198.2421875,-238.28125,107.421875
1177,-218.75,-259.765625,-142.578125,-223.6328125,-431.15234375
1178,-228.515625,-246.58203125,-216.30859375,-250.9765625,-56.15234375
1179,-205.078125,-139.6484375,-222.65625,-277.34375,-209.47265625
1180,-250.48828125,-81.0546875,-230.95703125,-315.4296875,-348.6328125
1181,-216.796875,-58.10546875,-207.03125,-270.99609375,-162.109375
1182,-207.03125,-46.875,-168.45703125,-223.14453125,381.8359375
1183,-205.078125,-62.5,-224.609375,-266.11328125,-550.29296875
1184,-163.57421875,-244.62890625,-240.72265625,-204.1015625,-569.82421875
1185,-128.41796875,-269.53125,-165.0390625,-220.703125,336.9140625
1186,-135.25390625,-202.1484375,-165.52734375,-253.41796875,529.296875
1187,-187.5,-89.35546875,-59.08203125,-178.7109375,-409.66796875
1188,-133.7890625,-264.16015625,-59.5703125,-225.09765625,39.0625
1189,-194.82421875,-248.046875,-135.25390625,-242.1875,-589.84375
1190,-206.0546875,-255.859375,-185.05859375,-222.16796875,-9.765625
1191,-256.8359375,-312.98828125,-176.26953125,-231.4453125,-164.0625
1192,-262.20703125,-250.9765625,-125.9765625,-247.55859375,-158.69140625
1193,-228.02734375,-230.95703125,-181.640625,-241.2109375,458.0078125
1194,-181.15234375,18.5546875,-196.2890625,-201.66015625,-364.74609375
1195,-204.1015625,-243.1640625,-266.6015625,-185.546875,715.8203125
1196,-283.203125,-258.7890625,-196.2890625,-250.48828125,-685.05859375
1197,-208.984375,-258.30078125,-103.02734375,-190.91796875,-599.12109375
1198,-232.91015625,-219.7265625,-126.953125,-138.671875,128.90625
1199,-244.140625,-122.55859375,-109.86328125,-270.99609375,121.58203125
1200,-174.8046875,-266.11328125,-155.76171875,-217.7734375,-303.22265625
1201,-274.4140625,-188.4765625,-80.078125,-237.3046875,123.53515625
1202,-363.28125,-277.83203125,-29.296875,-187.98828125,-478.02734375
1203,-337.890625,-292.96875,-57.12890625,-197.75390625,407.71484375
1204,-283.69140625,-255.37109375,-28.80859375,-201.171875,-188.4765625
1205,-286.62109375,-256.34765625,-109.375,-228.515625,433.59375
1206,-311.5234375,-262.6953125,-46.875,-201.66015625,-250.9765625
1207,-317.3828125,-187.01171875,-69.82421875,-156.25,680.6640625
1208,-286.1328125,-178.22265625,-107.421875,-201.171875,-243.1640625
1209,-259.765625,-255.37109375,-133.30078125,-154.78515625,-649.90234375
1210,-288.57421875,-268.06640625,-52.734375,-161.62109375,-41.50390625
1211,-248.53515625,-250.0,-112.3046875,-185.546875,-69.82421875
1212,-179.6875,-273.4375,-144.53125,-142.578125,471.6796875
1213,-243.1640625,-156.25,-137.20703125,-249.0234375,-174.8046875
1214,-374.51171875,-148.4375,-113.28125,-289.55078125,-756.8359375
1215,-356.93359375,-225.5859375,-104.98046875,-234.375,-125.9765625
1216,-313.96484375,-232.91015625,-97.16796875,-183.59375,-133.7890625
1217,-318.84765625,-243.65234375,-138.18359375,-219.23828125,492.67578125
1218,-310.05859375,-268.06640625,-104.00390625,-261.71875,-356.93359375
1219,-261.23046875,-263.18359375,-135.25390625,-237.3046875,-45.41015625
1220,-244.62890625,-229.98046875,-130.859375,-237.3046875,-148.92578125
1221,-129.8828125,-260.25390625,-152.83203125,-286.1328125,103.02734375
1222,-114.74609375,-360.3515625,-97.65625,-208.0078125,19.53125
1223,-152.83203125,-296.875,-137.6953125,-178.22265625,126.46484375
1224,-200.68359375,-102.5390625,-185.05859375,-223.14453125,605.46875
1225,-273.4375,-247.55859375,-123.53515625,-262.20703125,-233.88671875
1226,-257.8125,-249.0234375,-180.17578125,-199.21875,-540.52734375
1227,-228.515625,-312.01171875,-64.94140625,-160.15625,-16.6015625
1228,-209.47265625,-268.06640625,-107.91015625,-135.7421875,-110.83984375
1229,-179.19921875,-305.17578125,-71.77734375,-154.78515625,514.16015625
1230,-163.57421875,-341.796875,-62.98828125,-192.3828125,-210.44921875
1231,-209.47265625,-290.0390625,-76.66015625,-149.4140625,-219.7265625
1232,-328.125,-266.6015625,-59.08203125,-188.96484375,-643.06640625
1233,-275.390625,-264.16015625,-134.765625,-137.20703125,167.96875
1234,-204.58984375,-299.8046875,-143.5546875,-114.2578125,690.91796875
1235,-297.36328125,-340.33203125,-107.91015625,-146.484375,-725.09765625
1236,-323.73046875,-332.03125,-129.39453125,-215.8203125,-497.0703125
1237,-261.71875,-351.07421875,-165.52734375,-226.07421875,-532.2265625
1238,-245.1171875,-319.3359375,-77.63671875,-87.890625,126.953125
1239,-274.90234375,-302.734375,-74.70703125,-117.1875,-6.8359375
1240,-235.3515625,-319.3359375,-84.47265625,-172.36328125,44.43359375
1241,-212.890625,-310.05859375,-138.671875,-95.21484375,466.796875
1242,-356.4453125,-317.3828125,-189.94140625,-263.18359375,-399.4140625
1243,-244.140625,-113.76953125,-120.60546875,-217.28515625,-562.01171875
1244,-256.8359375,-183.59375,-70.3125,-235.3515625,567.87109375
1245,-254.39453125,-252.44140625,-66.89453125,-189.453125,-433.10546875
1246,-245.1171875,-300.29296875,-61.03515625,-114.74609375,89.35546875
1247,-192.3828125,-291.50390625,-160.15625,-210.9375,-544.921875
1248,-126.46484375,-298.33984375,-120.1171875,-138.18359375,656.25
1249,-146.97265625,-291.9921875,-139.16015625,-304.6875,-695.3125
1250,-158.203125,-282.2265625,-128.90625,-222.65625,-7.32421875
1251,-201.66015625,-209.47265625,-97.16796875,-189.94140625,26.3671875
1252,-172.8515625,-104.00390625,-84.9609375,-138.671875,-180.6640625
1253,-209.9609375,-317.3828125,-170.41015625,-145.99609375,267.08984375
1254,-287.109375,-311.03515625,-203.61328125,-124.0234375,-642.08984375
1255,-202.63671875,-293.9453125,-176.26953125,-129.39453125,-54.6875
1256,-110.83984375,-160.15625,-132.8125,-165.52734375,166.015625
1257,-214.84375,-194.3359375,-97.16796875,-199.70703125,-303.7109375
1258,-178.7109375,-213.8671875,-155.76171875,-131.8359375,-202.63671875
1259,-291.50390625,-260.25390625,-223.14453125,-207.51953125,-168.45703125
1260,-240.72265625,-360.83984375,-149.4140625,-132.8125,394.53125
1261,-186.5234375,-384.765625,-147.94921875,-195.3125,-301.7578125
1262,-137.6953125,-397.94921875,-118.1640625,-91.796875,-97.16796875
1263,-233.3984375,-345.21484375,-167.96875,-163.57421875,104.4921875
1264,-166.015625,-323.2421875,-164.0625,-140.13671875,-343.75
1265,-172.8515625,-336.9140625,-120.1171875,-122.0703125,-335.9375
1266,-159.66796875,-307.6171875,-225.5859375,-54.6875,311.5234375
1267,-140.13671875,-327.63671875,-368.65234375,-97.16796875,148.92578125
1268,-288.57421875,-297.8515625,-291.9921875,-119.140625,-342.7734375
1269,-355.46875,-283.203125,-269.04296875,-205.078125,-206.54296875
1270,-236.81640625,-310.546875,-187.5,-97.65625,-555.17578125
1271,-236.328125,-321.77734375,-187.5,-177.734375,169.921875
1272,-230.95703125,-338.37890625,-196.2890625,-186.5234375,722.16796875
1273,-166.015625,-245.1171875,-196.2890625,-144.53125,-658.69140625
1274,-191.89453125,-225.5859375,-37.59765625,-208.984375,-289.55078125
1275,-278.80859375,-256.34765625,-82.51953125,-254.39453125,-488.28125
1276,-259.27734375,-271.97265625,-128.90625,-336.9140625,357.421875
1277,-232.421875,-218.75,-146.97265625,-291.50390625,278.3203125
1278,-330.078125,-247.0703125,-101.5625,-327.1484375,-426.7578125
1279,-269.53125,-288.0859375,-81.0546875,-318.84765625,-77.63671875
1280,-218.75,-299.31640625,-61.03515625,-200.1953125,-683.59375
1281,-264.6484375,-331.54296875,-88.37890625,-250.48828125,327.63671875
1282,-162.59765625,-249.0234375,-95.21484375,-187.01171875,114.2578125
1283,-221.19140625,-180.6640625,-150.87890625,-138.18359375,-659.66796875
1284,-242.1875,-312.01171875,-166.015625,-143.5546875,-15.625
1285,-263.18359375,-181.640625,-134.765625,-184.08203125,-486.328125
1286,-173.33984375,-237.3046875,-176.7578125,-138.671875,305.6640625
1287,-221.6796875,-375.48828125,-166.50390625,-123.046875,-261.23046875
1288,-221.6796875,-355.95703125,-118.65234375,-146.97265625,419.921875
1289,-288.57421875,-306.15234375,-183.10546875,-215.33203125,527.34375
1290,-228.02734375,-325.68359375,-177.734375,-171.875,-219.23828125
1291,-239.74609375,-313.96484375,-216.796875,-174.8046875,393.06640625
1292,-280.76171875,-327.1484375,-196.2890625,-261.23046875,-601.5625
1293,-260.7421875,-338.8671875,-240.234375,-323.2421875,-534.1796875
1294,-205.56640625,-311.5234375,-167.96875,-154.296875,59.08203125
1295,-222.16796875,-318.84765625,-134.765625,-122.55859375,-223.6328125
1296,-157.2265625,-361.328125,-140.625,-132.8125,383.7890625
1297,-91.796875,-370.60546875,-140.625,-195.80078125,-1040.52734375
1298,-203.61328125,-355.46875,-184.08203125,-141.6015625,-256.34765625
1299,-287.109375,-396.484375,-175.78125,-218.26171875,540.0390625
1300,-242.1875,-369.62890625,-180.6640625,-218.26171875,-81.54296875
1301,-214.84375,-335.44921875,-125.48828125,-210.44921875,468.75
1302,-269.53125,-326.66015625,-133.7890625,-313.4765625,-310.05859375
1303,-297.8515625,-346.19140625,-134.765625,-300.78125,-109.86328125
1304,-313.4765625,-360.83984375,-134.765625,-328.61328125,-201.171875
1305,-288.57421875,-421.38671875,-150.87890625,-230.46875,290.52734375
1306,-339.84375,-359.375,-140.625,-323.73046875,-389.16015625
1307,-247.0703125,-306.15234375,-113.28125,-174.31640625,-389.16015625
1308,-284.66796875,-350.09765625,-102.05078125,-174.8046875,272.4609375
1309,-220.21484375,-378.90625,-126.953125,-140.13671875,76.66015625
1310,-242.67578125,-167.48046875,-146.97265625,-162.59765625,-428.22265625
1311,-216.796875,-205.078125,-171.875,-190.91796875,-143.5546875
1312,-198.2421875,-330.078125,-204.1015625,-147.4609375,-151.3671875
1313,-303.7109375,-362.3046875,-278.3203125,-256.8359375,-176.26953125
1314,-293.45703125,-324.70703125,-232.421875,-191.89453125,2.9296875
1315,-316.40625,-326.171875,-233.88671875,-254.39453125,-342.7734375
1316,-354.4921875,-305.6640625,-220.703125,-256.34765625,-469.7265625
1317,-310.546875,-328.61328125,-81.0546875,-267.08984375,310.546875
1318,-328.61328125,-352.5390625,-72.75390625,-203.125,-135.7421875
1319,-277.34375,-326.66015625,-84.9609375,-221.6796875,-53.22265625
1320,-351.5625,-348.6328125,-170.41015625,-307.12890625,561.5234375
1321,-307.12890625,-370.60546875,-120.1171875,-172.36328125,-261.23046875
1322,-351.07421875,-300.78125,-109.86328125,-173.33984375,122.0703125
1323,-323.73046875,-268.06640625,-117.1875,-194.3359375,-344.7265625
1324,-297.8515625,-277.83203125,-100.5859375,-214.84375,50.29296875
1325,-275.390625,-305.6640625,-145.5078125,-194.3359375,19.04296875
1326,-327.63671875,-336.42578125,-193.359375,-273.92578125,-330.56640625
1327,-302.734375,-326.66015625,-181.15234375,-342.28515625,441.40625
1328,-292.48046875,-276.85546875,-184.08203125,-248.53515625,-1090.8203125
1329,-312.01171875,-317.3828125,-164.0625,-310.05859375,225.5859375
1330,-347.65625,-277.83203125,-174.31640625,-276.3671875,250.9765625
1331,-295.41015625,-275.390625,-188.4765625,-345.21484375,372.0703125
1332,-350.5859375,-291.9921875,-237.3046875,-335.44921875,-148.92578125
1333,-365.234375,-335.44921875,-295.8984375,-380.37109375,-906.73828125
1334,-236.328125,-290.0390625,-273.92578125,-274.4140625,281.73828125
1335,-247.0703125,-239.74609375,-253.41796875,-277.34375,-75.1953125
1336,-265.625,-111.328125,-270.01953125,-358.3984375,-314.453125
1337,-234.86328125,-151.85546875,-268.06640625,-183.10546875,387.6953125
1338,-161.62109375,-87.890625,-141.11328125,-134.765625,-729.98046875
1339,-348.14453125,-243.1640625,-218.26171875,-161.62109375,350.5859375
1340,-233.88671875,-294.921875,-312.01171875,-200.1953125,-818.359375
1341,-386.23046875,-362.79296875,-384.27734375,-210.9375,-219.23828125
1342,-325.1953125,-308.10546875,-225.09765625,-191.40625,280.76171875
1343,-354.00390625,-289.0625,-153.3203125,-185.546875,-93.75
1344,-370.1171875,-321.77734375,-122.0703125,-160.15625,415.0390625
1345,-325.1953125,-337.40234375,-157.71484375,-235.3515625,-206.54296875
1346,-341.796875,-310.05859375,-80.56640625,-199.21875,-170.8984375
1347,-288.57421875,-341.796875,-7.32421875,-78.61328125,322.265625
1348,-308.59375,-325.1953125,7.32421875,-109.86328125,-729.98046875
1349,-290.52734375,-333.984375,88.37890625,-45.41015625,416.50390625
1350,-227.5390625,-354.98046875,1.953125,-67.3828125,-724.609375
1351,-305.17578125,-327.1484375,-13.671875,-101.5625,-391.11328125
1352,-310.546875,-263.671875,-4.8828125,-143.5546875,-155.2734375
1353,-298.33984375,-304.6875,-17.578125,-60.05859375,298.33984375
1354,-171.875,-296.875,-51.26953125,-85.9375,-92.28515625
1355,-242.67578125,-297.36328125,-105.95703125,-166.015625,-90.33203125
1356,-313.4765625,-290.0390625,-202.1484375,-334.47265625,351.07421875
1357,-213.37890625,-125.9765625,-152.83203125,-217.7734375,-368.65234375
1358,-230.95703125,-215.33203125,-187.01171875,-286.1328125,-710.44921875
1359,-295.8984375,-317.87109375,-183.59375,-173.33984375,-30.2734375
1360,-301.7578125,-306.640625,-239.2578125,-305.6640625,-10.7421875
1361,-269.53125,-350.09765625,-203.125,-214.84375,-186.5234375
1362,-218.26171875,-372.55859375,-185.05859375,-242.1875,614.2578125
1363,-276.3671875,-315.4296875,-195.80078125,-259.765625,-499.51171875
1364,-257.8125,-262.6953125,-225.09765625,-232.91015625,-851.07421875
1365,-159.1796875,-282.2265625,-165.52734375,-208.0078125,281.25
1366,-222.16796875,-274.90234375,-146.97265625,-139.16015625,94.7265625
1367,-266.6015625,-322.75390625,-205.56640625,-244.140625,-256.34765625
1368,-193.359375,-346.6796875,-205.56640625,-130.37109375,280.76171875
1369,-207.03125,-328.125,-192.3828125,-156.73828125,-346.19140625
1370,-165.52734375,-319.3359375,-164.0625,-112.79296875,212.40234375
1371,-210.9375,-314.453125,-181.640625,-206.54296875,-447.265625
1372,-166.9921875,-328.125,-225.5859375,-127.9296875,304.6875
1373,-166.015625,-344.23828125,-192.87109375,-159.66796875,249.0234375
1374,-244.140625,-313.96484375,-161.62109375,-200.1953125,-348.14453125
1375,-205.56640625,-288.0859375,-137.6953125,-129.39453125,242.1875
1376,-203.125,-296.875,-193.84765625,-144.04296875,-503.90625
1377,-320.3125,-262.20703125,-167.96875,-95.21484375,-331.0546875
1378,-207.03125,-340.33203125,-149.4140625,-179.19921875,456.0546875
1379,-174.8046875,-301.7578125,-167.96875,-117.67578125,-68.359375
1380,-150.87890625,-265.625,-143.06640625,-67.87109375,67.3828125
1381,-201.171875,-296.38671875,-144.04296875,-90.8203125,-819.3359375
1382,-277.83203125,-301.26953125,-149.4140625,-163.0859375,381.8359375
1383,-233.88671875,-288.0859375,-176.7578125,-145.01953125,-298.828125
1384,-293.45703125,-300.78125,-110.3515625,-133.30078125,-87.40234375
1385,-275.390625,-340.8203125,-86.42578125,-114.74609375,115.234375
1386,-317.3828125,-248.046875,-157.2265625,-190.91796875,-699.21875
1387,-233.3984375,-257.8125,-169.921875,-162.109375,297.36328125
1388,-269.53125,-291.50390625,-91.30859375,-129.8828125,-247.0703125
1389,-312.01171875,-324.70703125,-192.3828125,-227.05078125,-6.8359375
1390,-294.921875,-339.35546875,-180.17578125,-241.2109375,-490.72265625
1391,-289.55078125,-350.5859375,-177.24609375,-167.96875,66.89453125
1392,-176.26953125,-165.52734375,-144.04296875,-139.16015625,337.40234375
1393,-311.03515625,-286.1328125,-125.9765625,-163.57421875,-749.51171875
1394,-219.7265625,-316.40625,-104.98046875,-141.11328125,79.58984375
1395,-218.26171875,-342.28515625,-105.95703125,-155.2734375,2.9296875
1396,-222.65625,-322.265625,-157.71484375,-92.28515625,-242.67578125
1397,-229.00390625,-166.015625,-171.875,-176.26953125,675.29296875
1398,-209.47265625,-188.96484375,-231.93359375,-163.57421875,64.453125
1399,-341.796875,-179.6875,-85.9375,-258.7890625,-182.6171875
1400,-387.20703125,-217.7734375,-70.80078125,-239.2578125,-32.2265625
1401,-430.6640625,-276.3671875,-15.625,-218.75,-217.7734375
1402,-366.69921875,-325.68359375,-79.1015625,-249.0234375,437.01171875
1403,-304.19921875,-344.7265625,-146.97265625,-260.7421875,0.9765625
1404,-250.48828125,-197.75390625,-103.515625,-103.02734375,-247.0703125
1405,-196.77734375,-255.859375,-119.62890625,-46.38671875,-110.3515625
1406,-88.8671875,-317.87109375,-141.11328125,-28.3203125,-729.4921875
1407,-77.1484375,-322.75390625,-137.20703125,-2.9296875,-158.69140625
1408,-8.7890625,-326.66015625,-175.29296875,79.1015625,-99.12109375
1409,-52.24609375,-304.19921875,-176.26953125,42.96875,5.37109375
1410,-125.48828125,-303.22265625,-167.48046875,-43.9453125,-420.41015625
1411,-218.26171875,-278.3203125,-148.4375,-61.5234375,-21.484375
1412,-163.57421875,-286.62109375,-148.4375,-103.515625,-336.9140625
1413,-111.328125,-352.05078125,-166.9921875,21.484375,-65.91796875
1414,-124.0234375,-291.50390625,-115.72265625,-48.828125,234.86328125
1415,-210.44921875,-99.12109375,-179.19921875,-215.8203125,78.125
1416,-408.69140625,-288.0859375,-117.67578125,-298.828125,-336.42578125
1417,-488.76953125,-290.0390625,-159.66796875,-524.90234375,-677.734375
1418,-403.80859375,-327.63671875,-160.64453125,-365.234375,667.48046875
1419,-280.2734375,-346.19140625,-162.109375,-291.50390625,-857.91015625
1420,-311.5234375,-314.94140625,-225.5859375,-319.82421875,-26.3671875
1421,-275.390625,-332.51953125,-202.63671875,-274.4140625,326.171875
1422,-150.390625,-291.015625,-177.24609375,-157.2265625,-401.3671875
1423,-193.359375,-289.0625,-189.94140625,-167.48046875,-174.31640625
1424,-206.0546875,-298.33984375,-215.33203125,-196.77734375,100.09765625
1425,-142.08984375,-295.41015625,-198.73046875,-121.09375,-501.953125
1426,-146.97265625,-332.51953125,-120.60546875,-83.984375,421.875
1427,-76.66015625,-322.265625,-158.203125,2.44140625,183.59375
1428,-41.9921875,-312.01171875,-79.1015625,93.75,328.61328125
1429,-18.5546875,-317.87109375,-77.1484375,88.37890625,-911.1328125
1430,23.4375,-333.984375,-98.14453125,141.11328125,569.82421875
1431,158.203125,-312.01171875,-131.34765625,212.40234375,-506.34765625
1432,524.4140625,-356.4453125,-97.16796875,766.11328125,22.94921875
1433,901.85546875,-336.42578125,72.75390625,1358.3984375,552.24609375
1434,744.140625,-75.68359375,31.25,1155.2734375,-593.75
1435,298.828125,-210.44921875,-15.13671875,601.5625,547.8515625
1436,-144.53125,-317.3828125,-48.33984375,-15.625,-948.2421875
1437,-620.1171875,-320.80078125,3.41796875,-655.2734375,-176.7578125
1438,-566.89453125,-323.2421875,-63.4765625,-654.78515625,66.89453125
1439,233.3984375,-329.1015625,-65.4296875,269.04296875,-71.2890625
1440,293.9453125,-309.5703125,-112.3046875,424.31640625,476.5625
1441,214.35546875,-35.64453125,-216.30859375,250.48828125,-5.859375
1442,55.17578125,-172.8515625,-139.6484375,257.8125,-179.19921875
1443,-69.82421875,-291.9921875,-188.96484375,66.89453125,-23.92578125
1444,-131.34765625,-264.6484375,-238.76953125,-166.015625,-302.24609375
1445,-136.23046875,-310.05859375,-233.88671875,-69.82421875,-244.140625
1446,-278.80859375,-304.6875,-256.34765625,-117.1875,34.66796875
1447,-413.57421875,-250.9765625,-248.53515625,-308.59375,-39.0625
1448,-337.890625,-323.2421875,-211.42578125,-282.71484375,-188.96484375
1449,-368.1640625,-306.15234375,-254.8828125,-210.9375,10.25390625
1450,-307.12890625,-243.65234375,-323.73046875,-266.6015625,-7.32421875
1451,-213.37890625,-22.4609375,29.296875,-184.08203125,-366.2109375
1452,-269.53125,-360.83984375,270.99609375,9.27734375,269.04296875
1453,-215.8203125,-340.8203125,294.921875,-14.16015625,264.16015625
1454,-257.8125,-269.04296875,460.9375,-35.64453125,-1083.49609375
1455,-218.26171875,-310.05859375,658.203125,-111.328125,196.2890625
1456,-259.27734375,-348.6328125,407.2265625,-254.8828125,-244.140625
1457,-282.2265625,-290.0390625,163.0859375,-209.47265625,-50.78125
1458,-323.73046875,-307.12890625,12.20703125,-182.12890625,233.88671875
1459,-356.93359375,-333.49609375,-151.3671875,-256.34765625,-654.296875
1460,-362.3046875,-276.85546875,-154.78515625,-231.93359375,-52.24609375
1461,-342.7734375,-361.328125,-178.22265625,-186.5234375,231.93359375
1462,-286.1328125,-339.84375,-145.01953125,-151.85546875,-398.92578125
1463,-334.9609375,-288.0859375,-229.98046875,-222.16796875,246.09375
1464,-321.77734375,-333.49609375,-256.34765625,-221.19140625,71.2890625
1465,-356.4453125,-330.56640625,-210.9375,-173.828125,-452.63671875
1466,-251.46484375,-315.91796875,-208.984375,-55.17578125,295.41015625
1467,-227.05078125,-271.484375,-222.65625,-128.90625,-452.1484375
1468,-180.6640625,-301.7578125,-214.35546875,-162.109375,-51.26953125
1469,-231.93359375,-272.94921875,-120.1171875,-179.19921875,-354.4921875
1470,-192.87109375,-276.3671875,-33.69140625,-133.30078125,121.09375
1471,-191.89453125,-304.6875,-49.8046875,-149.90234375,-414.55078125
1472,-267.578125,-208.0078125,-56.15234375,-175.78125,227.5390625
1473,-164.55078125,-223.6328125,-54.6875,-137.6953125,158.69140625
1474,-207.03125,-334.9609375,-98.14453125,-170.8984375,-12.6953125
1475,-229.00390625,-327.1484375,-124.51171875,-186.03515625,61.03515625
1476,-173.828125,-320.3125,-125.9765625,-226.07421875,320.3125
1477,-314.94140625,-297.8515625,-33.203125,-388.671875,-760.7421875
1478,-1067.87109375,-251.46484375,110.3515625,-1087.40234375,426.7578125
1479,-1336.42578125,-291.50390625,3.90625,-1421.875,-211.42578125
1480,-918.45703125,-298.828125,-9.27734375,-885.7421875,-584.47265625
